aiModules,cachedReactionCount,city,commentsCount,communities,content,countryCode,createdAt,credibilityLabel,credibilityScore,csr,deletedAt,domainName,emotion,engagement,engagementRate,fileName,hashtags,identifier,images,imageTags,impressions,info,intensity,isUpdate,keywords,language,latitude,likesCount,links,longitude,parentIdentifier,publishedAt,pulsarId,pulsarParentId,reactionsByType,rejected,rejectedBy,reputation,reviewRating,search,sentiment,sharesCount,source,subtype,tags,title,topics,updatedAt,url,userBio,userCity,userCountryCode,userFollowersCount,userFriendsCount,userGender,userIdentifier,userInfo,userLatitude,userLongitude,userName,userScreenName,videos,viewsCount,visibility,week_tag
"['sentiment_general', 'topics_general', 'language_general', 'image_analysis', 'emotion_analysis', 'entities']",,,,[],"The United States keeps the free world free.

The reality is, without the US, Russia would run rampant across Europe - think about what would happen were if not for US aid to Ukraine/eastern Europe just this year. Most of the major European powers (Germany, France, Italy) were caught off guard and were unprepared.

Of course, I don't think there is any arguing that were it not for the US, China would have already invaded/taken over Taiwan. China would also complete dominate the South China Sea.

So as much as people enjoy bad-mouthing the US on Reddit, the US plays a pivotal role in keeping the free world free and we are all better off for it.",,,,,,,www.reddit.com/r/AskReddit,,0,,,[],iyfcz3d,[],,0,,,,"['negativity', 'floating', 'good']",en,,2.0,[],,,2022-11-30,0_87317_126_t1_iyfcz3d,0_87317_126_t3_z962c1,,,,,,,-0.23520200042163625,,REDDIT,,[],"With so much negativity floating around about the US, what are some good things about the USA?",,2022-12-01,https://www.reddit.com/r/AskReddit/comments/z962c1/with_so_much_negativity_floating_around_about_the/iyfcz3d/,,,,,,unknown,,,,,ReginaldJeeves1880,ReginaldJeeves1880,[],,1.0,from 2022-11-23 to 2022-11-30
"['sentiment_general', 'topics_general', 'language_general', 'image_analysis', 'emotion_analysis', 'entities']",,,,[],"Na

MetMalaysia warns of heavy rain in eight states

PETALING JAYA: Eight states have been issued a warning of contiÂ­nuous rain from today until Sunday.

Thursday, 01 Dec 2022In deep waters: Motorists encounter flash floods as they head into Jalan Tun Razak near the Parliament building. â€” BernamaPETALING JAYA: Eight states have been issued a warning of continuous rain from today until Sunday.The affected states are those along the east coast and northern part of Peninsular Malaysia, as well as eastern Sabah.

According to the Meteorological Department (MetMalaysia), the states are Perlis, Kedah, Penang, northern Perak and Kelantan, Terengganu and the eastern part of Pahang.MetMalaysia director-general Muhammad Helmi Abdullah said the department's warning is based on its analysis of weather models.

Nation Thursday, 01 Dec 2022 In deep waters: Motorists encounter flash floods as they head into Jalan Tun Razak near the Parliament building.Arina Musthafa 29-11- 2022 09:30 AM During the monsoon season, strong and sustained northeasterly winds are expected to cause rough seas and high waves in the South China Sea.In a statement issued at 1.Filepix: BERNAMA KUALA LUMPUR : Thunderstorms, heavy rain and strong winds are expected to occur in Kedah, Penang, Perak, Terengganu, Pahang, Negeri Sembilan, Johor, Sabah and Sarawak until 5 pm today.

â€” Bernama PETALING JAYA: Eight states have been issued a warning of continuous rain from today until Sunday. The affected states are those along the east coast and northern part of Peninsular Malaysia, as well as eastern Sabah. Four to six monsoon episodes will cause heavy rain to fall throughout the period, which can result in flooding in low-lying and riverside areas. According to the Meteorological Department (MetMalaysia), the states are Perlis, Kedah, Penang, northern Perak and Kelantan, Terengganu and the eastern part of Pahang. In the south, adverse weather conditions are forecast in Seremban, Port Dickson, Kuala Pilah and Rembau in Negri Sembilan, as well as Segamat, Kluang, Mersing and Kota Tinggi in Johor. MetMalaysia director-general Muhammad Helmi Abdullah said the department's warning is based on its analysis of weather models. High tides are expected from Dec 7 to 12 and 22 to 26, Jan 6 to 10 and 21 to 25. ""Strong eastern winds are expected to be concentrated in the east of Sabah, and on the east coast and the northern part of the peninsula until Dec 5. On the east coast, MetMalaysia expects similar weather conditions in Terengganu, which involves Hulu Terengganu, Dungun and Kemaman; while in Pahang, it involves the Cameron Highlands, Jerantut, Kuantan, Bera, Pekan and Rompin districts.

This will have the potential to cause continuous heavy rain in the affected areas. Fire and Rescue Department senior superintendent I (Operations) Zulfahmi Sutaji said the department will deploy its assets from the nearest fire station to patrol areas where rain continues for more than two hours. â€“ Bernama Article type: free. ""At the same time, a low-pressure weather system is expected to form in the South China Sea on Dec 2 and predicted to move west across the Malaysia-Thailand border towards the Andaman Sea from Dec 3 to 4,"" he said in a statement yesterday. This, he added, could increase the intensity of rainfall. ""On Nov 22, there were two cases of (flooding due to) burst pipes along the Selangor coast between Tanjung Karang, and in Sekinchan due to overflowing seawater,"" he told theSun. Strong waves and winds, said Muhammad Helmi, are also expected to strike along the coastline and waters of Kelantan and Terengganu, which could be dangerous to beach and marine activities. He urged members of the public to refer to MetMalaysia's website at www. Under the direction of the National Disaster Management Agency as the disaster management operations coordinator, he said the Fire and Rescue Department will strategise necessary actions with local authorities.

met.gov."" Zulfahmi reminded the public to be aware of their surroundings and adhere to warnings from the authorities.my and social media for updates, and download the myCuaca app for the latest information. Universiti Malaya climate expert Prof Datuk Dr Azizan Abu Samah said Malaysia is still under the influence of both La Nina and a negative Indian Ocean Dipole, which saw warmer temperatures in the tropical east Indian Ocean. ""As you leave the house, take only vital documents and leave the rest at home. Both these conditions, he said, would encourage more rainfall in Malaysia, southern Thailand and Indonesia.

""As long as La Nina persists with negative Indian Ocean Dipole, expect above normal rainfall for our region until December,"" he said in an interview."". Prof Azizan expressed his concern over the forecast of heavy rainfall in Terengganu from around 11pm today until 11am tomorrow, which could lead to flooding. ""There is a low-pressure system forecast at around 8pm on Dec 4 for Kelantan. ""However, forecasting in the tropics is only good for two to three days, then the accuracy drops.""So MetMalaysia needs to monitor and follow up while updating the public,"" he added.

Article type: free .",MY,,,,,,headtopics.com,sadness,0,,,[],56ac6b5ebcb107c339b8f5991077bf33,"[{'title': '', 'url': 'https://i.headtopics.com/images/2022/12/1/staronline/metmalaysia-warns-of-heavy-rain-in-eight-states-metmalaysia-warns-of-heavy-rain-in-eight-states-1598095331321085952.webp'}]","['calamity', 'vehicle', 'accident', 'transportation system', 'storm', 'flood', 'people', 'water', 'no person', 'hurricane', 'weather', 'road', 'travel', 'danger', 'environment', 'demolition', 'car', 'police', 'battle', 'outdoors']",0,,,,"['metmalaysia', 'warns', 'heavy', 'rain', 'states']",en,4.210484,,[],101.975766,,2022-11-30,0_87317_16_56ac6b5ebcb107c339b8f5991077bf33,0,,,,,,,-0.23055297486922322,,ONLINE_NEWS,,[],MetMalaysia warns of heavy rain in eight states,"['natural disasters', 'Natural environment', 'Earth phenomena', 'Tropical cyclones in', 'Disasters', 'Storms', 'Storm', 'Climate zones', 'Tropical cyclone seasons', 'Meteorology', 'Physical geography', 'Natural hazards', 'Geographical zones', 'Climate', 'Natural disasters', 'Earth sciences', 'Segamat (town)', 'Pahang', 'Perak', 'Vortices']",2022-12-01,http://ct.moreover.com/?a=49390606351&p=189&v=1&x=7rAkdGqMQLP8uInDQaLaaA,,,,,,,0,,,,,,[],,1.0,from 2022-11-23 to 2022-11-30
"['sentiment_general', 'topics_general', 'language_general', 'image_analysis', 'emotion_analysis', 'entities']",,,,[],"PETALING JAYA: Eight states have been issued a warning of continuous rain from today until Sunday.

The affected states are those along the east coast and northern part of Peninsular Malaysia, as well as eastern Sabah.

According to the Meteorological Department (MetMalaysia), the states are Perlis, Kedah, Penang, northern Perak and Kelantan, Terengganu and the eastern part of Pahang.

MetMalaysia director-general Muhammad Helmi Abdullah said the department's warning is based on its analysis of weather models.

""Strong eastern winds are expected to be concentrated in the east of Sabah, and on the east coast and the northern part of the peninsula until Dec 5. This will have the potential to cause continuous heavy rain in the affected areas.

""At the same time, a low-pressure weather system is expected to form in the South China Sea on Dec 2 and predicted to move west across the Malaysia-Thailand border towards the Andaman Sea from Dec 3 to 4,"" he said in a statement yesterday.

This, he added, could increase the intensity of rainfall.

Strong waves and winds, said Muhammad Helmi, are also expected to strike along the coastline and waters of Kelantan and Terengganu, which could be dangerous to beach and marine activities.

He urged members of the public to refer to MetMalaysia's website at www.met.gov.my and social media for updates, and download the myCuaca app for the latest information.

Universiti Malaya climate expert Prof Datuk Dr Azizan Abu Samah said Malaysia is still under the influence of both La Nina and a negative Indian Ocean Dipole, which saw warmer temperatures in the tropical east Indian Ocean.

Both these conditions, he said, would encourage more rainfall in Malaysia, southern Thailand and Indonesia.

""As long as La Nina persists with negative Indian Ocean Dipole, expect above normal rainfall for our region until December,"" he said in an interview.

Prof Azizan expressed his concern over the forecast of heavy rainfall in Terengganu from around 11pm today until 11am tomorrow, which could lead to flooding.

""There is a low-pressure system forecast at around 8pm on Dec 4 for Kelantan.

""However, forecasting in the tropics is only good for two to three days, then the accuracy drops.""So MetMalaysia needs to monitor and follow up while updating the public,"" he added.",MY,,,,,,thestar.com.my,sadness,0,,,[],ba6287d9f113a57ce2d49e73e94ab458,"[{'title': '', 'url': 'https://apicms.thestar.com.my/uploads/images/2022/12/01/1843469.jpg'}]","['calamity', 'storm', 'vehicle', 'accident', 'flood', 'people', 'transportation system', 'road', 'hurricane', 'water', 'car', 'truck', 'environment', 'demolition', 'police', 'weather', 'dust', 'tree', 'landscape', 'beach']",1357,,,,"['metmalaysia', 'warns', 'heavy', 'rain', 'states']",en,4.210484,,[],101.975766,,2022-11-30,0_87317_16_ba6287d9f113a57ce2d49e73e94ab458,0,,,,,,,-0.032933329790830614,,ONLINE_NEWS,,[],MetMalaysia warns of heavy rain in eight states,"['Storm', 'Geographical zones', 'Natural environment', 'Seasons', 'Climate patterns', 'Climate', 'Meteorology', 'Physical geography', 'Malaysiaâ€“Thailand border', 'Low-pressure area', 'Weather', 'Ocean', 'Kelantan', 'Indian Ocean Dipole', 'Perak', 'La NiÃ±a', 'Rain', 'Malaysia', 'Weather forecasting', 'Vortices']",2022-12-01,http://ct.moreover.com/?a=49390560367&p=189&v=1&x=bxs-uBoscBPSQUmc3AtPTg,,,,,,,0,,,,,,[],,410.69,from 2022-11-23 to 2022-11-30
"['sentiment_general', 'topics_general', 'language_general', 'image_analysis', 'emotion_analysis', 'entities']",,,,[],"I mean, China is pumping tonnes of earth in the South China Sea to make more land islands for military bases ?",,,,,,,www.reddit.com/r/GME,,0,,,[],iyf9afa,[],,0,,,,"['hyperinflation', 'horizon', 'ðŸŒ…']",en,,6.0,[],,,2022-11-30,0_87317_126_t1_iyf9afa,0_87317_126_t3_z8zbso,,,,,,,0.0,,REDDIT,,[],Hyperinflation on the horizon ðŸŒ…,,2022-12-01,https://www.reddit.com/r/GME/comments/z8zbso/hyperinflation_on_the_horizon/iyf9afa/,,,,,,unknown,,,,,sloppy_wet_one,sloppy_wet_one,[],,1.0,from 2022-11-23 to 2022-11-30
"['sentiment_general', 'topics_general', 'language_general', 'image_analysis', 'emotion_analysis', 'entities']",,,,[],"Colonization is wrong. More than 92% of Taiwan are Han Chinese, and they are the same ethnic group as the CCP.",,,,,,,www.reddit.com/r/MapPorn,,0,,,[],iyf8lvy,[],,0,,,,"['territorial', 'claims', 'south', 'china']",en,,0.0,[],,,2022-11-30,0_87317_126_t1_iyf8lvy,0_87317_126_t3_z7wye5,,,,,,,0.0,,REDDIT,,[],"Territorial claims, South China Sea",,2022-12-01,https://www.reddit.com/r/MapPorn/comments/z7wye5/territorial_claims_south_china_sea/iyf8lvy/,,,,,,unknown,,,,,coludFF_h,coludFF_h,[],,1.0,from 2022-11-23 to 2022-11-30
"['sentiment_general', 'topics_general', 'language_general', 'image_analysis', 'emotion_analysis', 'entities']",,,1.0,[],"The animation that I want to generate is that when reaching a certain image (it would happen more than once), this one stays fixed in the background and while you continue scrolling certain messages are shown.

Pretty much the same thing happening in these two examples. In [this](https://xujunjiejack.github.io/) one when you get to the first map and in [this](https://www.nytimes.com/newsgraphics/2013/10/27/south-china-sea/index.html) when you go beyond the headline, when you get to the first image and the texts are shown while you scroll down.

I want to do something similar. At first, I was recommended to use Waypoints, Scrollmagic or Scrollama (Scrollytelling). But before I try, I want to see if there are other options or know which is the most direct way.",,,,,,,www.reddit.com/r/learnjavascript,sadness,2,,,[],z96dr2,[],,0,,,,"['animated', 'text', 'image', 'background']",en,,1.0,"[{'title': None, 'url': 'https://xujunjiejack.github.io/'}, {'title': None, 'url': 'https://www.nytimes.com/newsgraphics/2013/10/27/south-china-sea/index.html', 'credibility_label': 'CREDIBLE', 'credibility_score': 100.0}]",,,2022-11-30,0_87317_126_t3_z96dr2,0,,,,,,,0.41576471609227794,,REDDIT,,[],Show animated text while there is an image in the background,,2022-12-01,https://www.reddit.com/r/learnjavascript/comments/z96dr2/show_animated_text_while_there_is_an_image_in_the/,,,,,,unknown,,,,,juanchi_parra,juanchi_parra,[],,1.0,from 2022-11-23 to 2022-11-30
"['sentiment_general', 'topics_general', 'language_general', 'image_analysis', 'emotion_analysis', 'entities']",,,,[],"I mean, they change content of their movie on a whim of a totalitarian genocidal dictatorship. Idk if propaganda too as they didn't *add*, but *remove* what the regime wanted to remove, but yes censorship for sure.

[However, what DreamWorks did is clearly propaganda. They put up a map where China, Taiwan, and the whole South China Sea including parts of it belonging to the Philippines, Taiwan, Vietnam... China claims, are very clearly marked as belonging to China with the very nine-dash line China uses on its propaganda maps claiming those territories which aren't theirs (plus they even added a 10th dash to be absolutely clear that yes - whole Taiwan too).](https://miro.medium.com/max/1200/1*oKXbgn_-fl8TLKATMNY9kw.png)",,,,,,,www.reddit.com/r/PoliticalCompassMemes,,0,,,[],iyf3kqv,[],,0,,,,"['prepared', 'new', 'world']",en,,1.0,"[{'title': None, 'url': 'https://miro.medium.com/max/1200/1*oKXbgn_-fl8TLKATMNY9kw.png'}]",,,2022-11-30,0_87317_126_t1_iyf3kqv,0_87317_126_t3_z8uild,,,,,,,-0.7503999864353853,,REDDIT,,[],Be Prepared for a Whole New World,,2022-12-01,https://www.reddit.com/r/PoliticalCompassMemes/comments/z8uild/be_prepared_for_a_whole_new_world/iyf3kqv/,,,,,,unknown,,,,,TOW3L13,TOW3L13,[],,1.0,from 2022-11-23 to 2022-11-30
"['sentiment_general', 'topics_general', 'language_general', 'image_analysis', 'emotion_analysis', 'entities']",,,,[],"Oh so China isn't claiming half of Southeast Asia , I forgot


The Hague ruled on the issue already too.

https://www.nytimes.com/2016/07/13/world/asia/south-china-sea-hague-ruling-philippines.html",,,,,,,www.reddit.com/r/AlternateHistory,,0,,,[],iyf2000,[],,0,,,,"['ww3', 'broke', 'nato', 'russia', 'china', 'likely', 'ending']",en,,2.0,"[{'title': None, 'url': 'https://www.nytimes.com/2016/07/13/world/asia/south-china-sea-hague-ruling-philippines.html', 'credibility_label': 'CREDIBLE', 'credibility_score': 100.0}]",,,2022-11-30,0_87317_126_t1_iyf2000,0_87317_126_t3_z86v49,,,,,,,0.0,,REDDIT,,[],"If WW3 broke out between NATO vs. Russia and China, what would be the most likely ending?",,2022-12-01,https://www.reddit.com/r/AlternateHistory/comments/z86v49/if_ww3_broke_out_between_nato_vs_russia_and_china/iyf2000/,,,,,,unknown,,,,,Matthmaroo,Matthmaroo,[],,1.0,from 2022-11-23 to 2022-11-30
"['sentiment_general', 'topics_general', 'language_general', 'image_analysis', 'emotion_analysis', 'entities']",,,,[],Not according to the United Nations,,,,,,,www.reddit.com/r/MapPorn,,0,,,[],iyf1pyr,[],,0,,,,"['territorial', 'claims', 'south', 'china']",en,,1.0,[],,,2022-11-30,0_87317_126_t1_iyf1pyr,0_87317_126_t3_z7wye5,,,,,,,0.0,,REDDIT,,[],"Territorial claims, South China Sea",,2022-12-01,https://www.reddit.com/r/MapPorn/comments/z7wye5/territorial_claims_south_china_sea/iyf1pyr/,,,,,,unknown,,,,,UrToxxic,UrToxxic,[],,1.0,from 2022-11-23 to 2022-11-30
"['sentiment_general', 'topics_general', 'language_general', 'image_analysis', 'emotion_analysis', 'entities']",,,,[],"a lot of americans have been so propagandized to think china is the satanist antichrist transhumanist nwo reptilian communist


Well, as an American let me say I only think about half that is true. The Chinese government does some pretty fucked up shit, genocide being principal amongst its crimes. That's not to say the US government is all sunshine and roses either, I know what we do with PMC's on the daily. Regardless,  conflict with China seems inevitable if they really commit to expanding their sphere. 


Fortunately, it's not the average American who makes that decision when our Navies make aggressive maneuvers against eachother. Like I said, it happens all the time and always has throughout all Naval history. It's not newsworthy unless someone opens fire. Writing an article about it like this is anti-China fear-mongering propaganda.",,,,,,,www.reddit.com/r/worldnews,anger,0,,,[],iyf0vy9,[],,0,,,,"['china', 'drove', 'away', 'u.s', 'cruiser', 'illegally', 'intruded', 'waters', 'near', 'south', 'china']",en,,1.0,[],,,2022-11-30,0_87317_126_t1_iyf0vy9,0_87317_126_t3_z7hmjd,,,,,,,-0.5091978367637185,,REDDIT,,[],China says it drove away U.S. cruiser that 'illegally intruded' waters near South China Sea,,2022-12-01,https://www.reddit.com/r/worldnews/comments/z7hmjd/china_says_it_drove_away_us_cruiser_that/iyf0vy9/,,,,,,unknown,,,,,ElessarKhan,ElessarKhan,[],,1.0,from 2022-11-23 to 2022-11-30
"['sentiment_general', 'topics_general', 'language_general', 'image_analysis', 'emotion_analysis', 'entities']",,,,[],"Cleopatra - Do I need to elaborate? 

Ching Shih - A Chinese Pirate Queen, who was born a peasant took over the South China Sea and then retired rich and happily.",,,,,,,www.reddit.com/r/OtomeIsekai,joy,0,,,[],iyf0hmq,[],,0,,,,"['history', 'oi', 'considered', 'main', 'character']",en,,19.0,[],,,2022-11-30,0_87317_126_t1_iyf0hmq,0_87317_126_t3_z9352i,,,,,,,0.7320470627616433,,REDDIT,,[],"If History was an OI, who would be considered the main character?",,2022-12-01,https://www.reddit.com/r/OtomeIsekai/comments/z9352i/if_history_was_an_oi_who_would_be_considered_the/iyf0hmq/,,,,,,unknown,,,,,Rinainthemoon,Rinainthemoon,[],,1.0,from 2022-11-23 to 2022-11-30
"['sentiment_general', 'topics_general', 'language_general', 'image_analysis', 'emotion_analysis', 'entities']",,,,[],"I don't know why you are shilling so hard for China, but it's pointless. China has a very long history of being very aggressive in these matters. It's not old news either. This behavior isn't a thing of the past. It is continuous and isn't limited to anywhere China's actual borders (no, their claims of all of the South China Sea are NOT valid).

[https://www.bbc.com/news/world-australia-61696973](https://www.bbc.com/news/world-australia-61696973)",,,,,,,www.reddit.com/r/worldnews,sadness,0,,,[],iyezho3,[],,0,,,,"['canadian', 'military', 'plane', 'intercepted', 'chinese', 'jets', 'numerous', 'times', 'weeks']",en,,1.0,"[{'title': None, 'url': 'https://www.bbc.com/news/world-australia-61696973', 'credibility_label': 'CREDIBLE', 'credibility_score': 95.0}]",,,2022-11-30,0_87317_126_t1_iyezho3,0_87317_126_t3_z8tdpw,,,,,,,-0.7670901508892284,,REDDIT,,[],Canadian military plane intercepted by Chinese jets 'numerous' times in recent weeks,,2022-12-01,https://www.reddit.com/r/worldnews/comments/z8tdpw/canadian_military_plane_intercepted_by_chinese/iyezho3/,,,,,,unknown,,,,,_Ghost_CTC,_Ghost_CTC,[],,1.0,from 2022-11-23 to 2022-11-30
"['sentiment_general', 'topics_general', 'language_general', 'image_analysis', 'emotion_analysis', 'entities']",,,,[],"yeah i think most sane people know wwiii would be a disaster, but a lot of americans have been so propagandized to think china is the satanist antichrist transhumanist nwo reptilian communist whatever that they think dying in war would be preferable to life under the ccp. anyway, tho, think the more realistic concerns are sanctions and proxy wars. our navy is all over the world poking and prodding for reasons to support ""freedom fighters"" and engage in economic warfare against our enemies",,,,,,,www.reddit.com/r/worldnews,sadness,0,,,[],iyeyky4,[],,0,,,,"['china', 'drove', 'away', 'u.s', 'cruiser', 'illegally', 'intruded', 'waters', 'near', 'south', 'china']",en,,1.0,[],,,2022-11-30,0_87317_126_t1_iyeyky4,0_87317_126_t3_z7hmjd,,,,,,,0.11357706189155578,,REDDIT,,[],China says it drove away U.S. cruiser that 'illegally intruded' waters near South China Sea,,2022-12-01,https://www.reddit.com/r/worldnews/comments/z7hmjd/china_says_it_drove_away_us_cruiser_that/iyeyky4/,,,,,,unknown,,,,,IsGonnaSueYou,IsGonnaSueYou,[],,1.0,from 2022-11-23 to 2022-11-30
"['sentiment_general', 'topics_general', 'language_general', 'image_analysis', 'emotion_analysis', 'entities']",,,,[],"KUALA LUMPUR: The Malaysian Meteorological Department (MetMalaysia) has forecast heavy rain to hit several areas nationwide from tomorrow until Monday.

MetMalaysia, in a statement, said this is because of the strong easterly winds coming from the western Pacific region.

""Meanwhile, a low-pressure weather system is expected to form over the South China Sea on Dec 2.

""The system is forecast to move west across the Malaysia - Thailand border into the Andaman Sea from Dec 3 until 4 which can also intensify into rain.

""Huge waves and strong winds are also expected to hit the coast and Kelantan and Terengganu waters. This situation is dangerous for any beach and sea activities,"" it said.

MetMalaysia has also issued a continuous rain warning involving eastern Sabah, the east coast and the northern Peninsula from Dec 1 until 4.

""The people in affected areas are advised to be cautious and prepare to face any possibility.

""MetMalaysia constantly monitors and informs the development of this system from time to time through its website, myCuaca mobile application, and social media accounts.

""MetMalaysia hotline 1-300-22-1638 can be contacted for any further questions.""

Â© New Straits Times Press (M) Bhd",MY,,CREDIBLE,77.5,,,msn.com,,0,,,[],395af27ebe9dec662912df0368591eb6,"[{'title': '', 'url': 'https://img-s-msn-com.akamaized.net/tenant/amp/entityid/AA14JeoI.img?h=315&w=600&m=6&q=60&o=t&l=f&f=jpg'}]","['map', 'geography', 'cartography', 'country', 'margin', 'illustration', 'atlas', 'vector', 'travel', 'symbol', 'Continent', 'sign', 'International', 'graph', 'outline', 'territory', 'signalise', 'location', 'image', 'graphic']",39919,,,,"['heavy', 'rains', 'forecast', 'dec']",en,4.210484,,[],101.975766,,2022-11-30,0_87317_16_395af27ebe9dec662912df0368591eb6,0,,,,,,,-0.3744848314453574,,ONLINE_NEWS,,[],Heavy rains forecast till Dec 5,"['Storm', 'natural disasters', 'Seasons', 'Geographical zones', 'Climate zones', 'Natural hazards', 'Natural events', 'Weather events', 'Physical geography', 'Synoptic meteorology and weather', 'Tropical meteorology', 'Vortices', 'Storms', 'Tropical cyclones', 'Tropical cyclone seasons', 'Natural disasters', 'meteorology', 'Malaysian Meteorological Department', 'Malaysia', 'Tropics']",2022-12-01,http://ct.moreover.com/?a=49389960723&p=189&v=1&x=OPwCL_LkbW0mbrXfq9rJlw,,,,,,,0,,,,,,[],,149.98,from 2022-11-23 to 2022-11-30
"['sentiment_general', 'topics_general', 'language_general', 'image_analysis', 'emotion_analysis', 'entities']",,,,[],"ROC still claim the mainland, but only on paper. Since if they stop claiming the mainland it will seem to PRC that they are going independent instead of claiming they are China.

However Taiwan/ROC's claim of South china Sea is more serious and they actually have control of a few of the islands in that area (they actually control more islands in the south china sea than the PRC if I recall correctly).",,,,,,,www.reddit.com/r/MapPorn,,0,,,[],iyewl4r,[],,0,,,,"['territorial', 'claims', 'south', 'china']",en,,1.0,[],,,2022-11-30,0_87317_126_t1_iyewl4r,0_87317_126_t3_z7wye5,,,,,,,0.6031176426831414,,REDDIT,,[],"Territorial claims, South China Sea",,2022-12-01,https://www.reddit.com/r/MapPorn/comments/z7wye5/territorial_claims_south_china_sea/iyewl4r/,,,,,,unknown,,,,,yeetato,yeetato,[],,1.0,from 2022-11-23 to 2022-11-30
"['sentiment_general', 'topics_general', 'language_general', 'image_analysis', 'emotion_analysis', 'entities']",,,,[],"> the matter was raised earlier this month by visiting United States Defense Secretary Lloyd J. Austin.

> ""We've seen a sharp increase in the number of dangerous PLA intercepts of U.S. and allied forces â€“ including Canadian aircraft â€“ that were operating lawfully in international airspace over the South and East China Seas,"" Austin told the Halifax International Security Forum on Nov. 19.

Oh see there's the problem, China doesn't think the South China Sea is international airspace. It thinks a whole huge part of it is part of China's territory.",,,,,,,www.reddit.com/r/worldnews,,0,,,[],iyep2s3,[],,3343577,,,,"['canadian', 'military', 'plane', 'intercepted', 'chinese', 'jets', 'numerous', 'times', 'weeks']",en,,1.0,[],,,2022-11-30,0_87317_126_t1_iyep2s3,0_87317_126_t3_z8tdpw,,,,,,,-0.04033333857854208,,REDDIT,,[],Canadian military plane intercepted by Chinese jets 'numerous' times in recent weeks,"['International relations', 'Foreign policy', 'Global politics', 'Diplomacy', 'Politics', 'Late modern period', 'Foreign relations of the United States', 'Foreign relations', 'National security', 'Conflicts']",2022-12-01,https://www.reddit.com/r/worldnews/comments/z8tdpw/canadian_military_plane_intercepted_by_chinese/iyep2s3/,,,,,,unknown,,,,,DeathByBamboo,DeathByBamboo,[],,123.46,from 2022-11-23 to 2022-11-30
"['sentiment_general', 'topics_general', 'language_general', 'image_analysis', 'emotion_analysis', 'entities']",,,,[],">I don't even know where to start unpacking this 

Just start wherever 

>Why would Thailand want anything to do in the South China Sea?

>it's laughable to suggest any SE Asian country to stand up to China, for obvious reasons.

That's not the anthesis of my point, my point is that it's because of our bases (a cornerstone of so-called ""AmErIcAn ImpErAliSm) that we're able to stand up to and directly challenge (in this case) China.",,,,,,,www.reddit.com/r/Thailand,,0,,,[],iyen5a4,[],,15786,,,,"['alternate', 'thai', 'government', 'people', 'respond', 'indochina', 'split']",en,,1.0,[],,,2022-11-30,0_87317_126_t1_iyen5a4,0_87317_126_t3_z7ln4d,,,,,,,0.18333333333333335,,REDDIT,,[],Alternate: How would the Thai government and people respond Indochina Split?,[],2022-12-01,https://www.reddit.com/r/Thailand/comments/z7ln4d/alternate_how_would_the_thai_government_and/iyen5a4/,,,,,,unknown,,,,,GodofWar1234,GodofWar1234,[],,71.52,from 2022-11-23 to 2022-11-30
"['sentiment_general', 'topics_general', 'language_general', 'image_analysis', 'emotion_analysis', 'entities']",,,0.0,[],"The animation that I want to generate is that when reaching a certain image (it would happen more than once), this one stays fixed in the background and while you continue scrolling certain messages are shown.

Pretty much the same thing happening in these two examples. In [this](https://xujunjiejack.github.io/) one when you get to the first map and in [this](https://www.nytimes.com/newsgraphics/2013/10/27/south-china-sea/index.html) when you go beyond the headline, when you get to the first image and the texts are shown while you scroll down.

I want to do something similar. At first, I was recommended to use Waypoints, Scrollmagic or Scrollama (Scrollytelling). But before I try, I want to see if there are other options or know which is the most direct way.",,,,,,,www.reddit.com/r/javascript,sadness,1,,,[],z92qul,[],,249362,,,,"['askjs', 'animated', 'text', 'image', 'background']",en,,1.0,"[{'title': None, 'url': 'https://xujunjiejack.github.io/'}, {'title': None, 'url': 'https://www.nytimes.com/newsgraphics/2013/10/27/south-china-sea/index.html', 'credibility_label': 'CREDIBLE', 'credibility_score': 100.0}]",,,2022-11-30,0_87317_126_t3_z92qul,0,,,,,,,0.41576471609227794,,REDDIT,,[],[AskJS] Show animated text while there is an image in the background,"['Computing', 'Technology', 'Software', 'Scrolling', 'Digital media', 'Communication', 'Computer science', 'Mass media technology']",2022-12-01,https://www.reddit.com/r/javascript/comments/z92qul/askjs_show_animated_text_while_there_is_an_image/,,,,,,unknown,,,,,juanchi_parra,juanchi_parra,[],,147.42,from 2022-11-23 to 2022-11-30
"['sentiment_general', 'topics_general', 'language_general', 'image_analysis', 'emotion_analysis', 'entities']",,,,[],"Tiananmen Square massacre. Persecution of Falun Gong. Forced organ harvesting and blood harvesting. Forced sterilization.Â  Hostage Diplomacy. Coronavirus and previous viruses SARS, H1N1, bird flu, and swine flu. Financial Debt traps on foreign countries. Prisoners of faith and belief Muslims, Christians, and Tibetan Buddhists. Assault on democracy in Hong Kong and Taiwan. 50 cent army and cyber-hacking. Battles of Tibet, Mongolia, India border and South China Sea. Slave labour. Famine. Genocide. Torture. Brain washing. Prison rape. Honey traps. Church burnings. Intellectual property theft. Economic espionage. Thousand talents program. Confusious Institutes. Ideological infiltration of campuses, colleges, and universities. Massive amounts per year of air and water pollution as well as rampant bribery and corruption among companies, organizations, agencies, bureaus, law enforcement, and CCP officials. Communism operates exactly like a criminal organization. Communism and the CCP is the biggest and worst existential threat to humanity, society and the earth itself.",,,,,,,www.youtube.com,,0,,,[],30352394485392357,[],,0,,,,"['tiananmen', 'square', 'massacre', 'persecution', 'falun', 'gong', 'forced', 'organ', 'harvesting', 'blood', 'harvesting', 'forced', 'sterilization', 'hostage', 'diplomacy', 'coronavirus', 'previous', 'viruses', 'sars', 'h1n1', 'bird', 'flu', 'swine', 'flu', 'financial', 'debt', 'traps', 'foreign', 'countries', 'prisoners', 'faith', 'belief', 'muslims', 'christians', 'tibetan', 'buddhists', 'assault', 'democracy', 'hong', 'kong', 'taiwan', '50', 'cent', 'army', 'cyber-hacking', 'battles', 'tibet', 'mongolia', 'india', 'border', 'south', 'china', 'slave', 'labour', 'famine', 'genocide', 'torture', 'brain', 'washing', 'prison', 'rape', 'honey', 'traps', 'church', 'burnings', 'intellectual', 'property', 'theft', 'economic', 'espionage', 'thousand', 'talents', 'program', 'confusious', 'institutes', 'ideological', 'infiltration', 'campuses', 'colleges', 'universities', 'massive', 'amounts', 'year', 'water', 'pollution', 'rampant', 'bribery', 'corruption', 'companies', 'organizations', 'agencies', 'bureaus', 'law', 'enforcement', 'ccp', 'officials', 'communism', 'operates', 'exactly', 'criminal', 'organization', 'communism', 'ccp', 'biggest', 'worst', 'existential', 'threat', 'humanity', 'society', 'earth']",en,,,[],,,2022-11-30,0_87317_9_30352394485392357,0_87317_9_yt.OHfR2nRfA8g,,,,,,,-0.6133389080272001,,YOUTUBE,,[],,,2022-12-01,https://www.youtube.com/watch?v=OHfR2nRfA8g&lc=UgyXeUmwy3OgOumH5Gp4AaABAg,,,,,,unknown,,,,,bonesmegga,bonesmegga,[],,1.0,from 2022-11-23 to 2022-11-30
"['sentiment_general', 'topics_general', 'language_general', 'image_analysis', 'emotion_analysis', 'entities']",,,0.0,[],"The animation that I want to generate is that when reaching a certain image (it would happen more than once), this one stays fixed in the background and while you continue scrolling certain messages are shown.

Pretty much the same thing happening in these two examples. In [this](https://xujunjiejack.github.io/) one when you get to the first map and in [this](https://www.nytimes.com/newsgraphics/2013/10/27/south-china-sea/index.html) when you go beyond the headline, when you get to the first image and the texts are shown while you scroll down.

I want to do something similar. At first, I was recommended to use Waypoints, Scrollmagic or Scrollama (Scrollytelling). But before I try, I want to see if there are other options or know which is the most direct way.",,,,,,,www.reddit.com/r/webdev,sadness,1,,,[],z92pf1,[],,160530,,,,"['animated', 'text', 'image', 'background']",en,,1.0,"[{'title': None, 'url': 'https://xujunjiejack.github.io/'}, {'title': None, 'url': 'https://www.nytimes.com/newsgraphics/2013/10/27/south-china-sea/index.html', 'credibility_label': 'CREDIBLE', 'credibility_score': 100.0}]",,,2022-11-30,0_87317_126_t3_z92pf1,0,,,,,,,0.41576471609227794,,REDDIT,,[],Show animated text while there is an image in the background,"['Computing', 'Technology', 'Software', 'Scrolling', 'Digital media', 'Communication', 'Computer science', 'Mass media technology']",2022-12-01,https://www.reddit.com/r/webdev/comments/z92pf1/show_animated_text_while_there_is_an_image_in_the/,,,,,,unknown,,,,,juanchi_parra,juanchi_parra,[],,141.01,from 2022-11-23 to 2022-11-30
"['sentiment_general', 'topics_general', 'language_general', 'image_analysis', 'emotion_analysis', 'entities']",,,,[],"Adz is self declared and has no legal bearing.

Ita International airspace. You can't complain about planes flying in international airspace as aggressive while at the same time saying ships have right if passage through the heavily contested South China Sea.",,,,,,,www.reddit.com/r/worldnews,,0,,,[],iyeleaj,[],,3343719,,,,"['south', 'korea', 'scrambles', 'jets', 'china', 'russia', 'warplanes', 'enter', 'defence', 'zone']",en,,1.0,[],,,2022-11-30,0_87317_126_t1_iyeleaj,0_87317_126_t3_z8xfrc,,,,,,,-0.07619332273801169,,REDDIT,,[],"South Korea scrambles jets as China, Russia warplanes enter air defence zone",[],2022-12-01,https://www.reddit.com/r/worldnews/comments/z8xfrc/south_korea_scrambles_jets_as_china_russia/iyeleaj/,,,,,,unknown,,,,,feeltheslipstream,feeltheslipstream,[],,123.46,from 2022-11-23 to 2022-11-30
"['sentiment_general', 'topics_general', 'language_general', 'image_analysis', 'emotion_analysis', 'entities']",,,,[],">So those bases don't have any tangible net benefits for the world?  

That's my point, the interests of capital owners around the world align with American interests during the cold war 

>Everyone hates the US military until their hometown gets hit with a tsunami and they see Marines come ashore with supply and aid 

I don't even know where to start unpacking this

> I don't see the Royal Thai Navy actively standing up to the PLAN and the CCP's (frankly bullshit) claims in the South China Sea

Why would Thailand want anything to do in the South China Sea? Its a dispute between Vietnam, Phillipines and China. Thailand has no claim in the SCS. And its laughable to suggest any SE Asian country to stand up to China, for obvious reasons. Any sort of posturing have to be done through ASEAN 

>Is that why Japan is currently the 3rd largest economic power in the world ever since the end of WWII? Or is that why, ever since the 80s'/90s', South Korea is a strong economic Asian power practicing liberal democracy? Last I checked, the United States isn't a fascist dictatorship despite us having won our independence via an armed revolution. 

Japan, Korea and America all had reactionary factions within the country following the end of those conflicts. A perfectly functioning liberal democracy didn't just prop out of thin air. And for a myriad of other reasons, these countries are not born from the same sort of conflict that gave rise to the Soviet Union and Maoist China. There was no massive power vacuum (within both industries and politics) like there was after the Russian and Chinese revolutions like there was in Japan, Korea or America after the war.  And as easily as you point to those countries I can point to Iran or Venezuela where new regimes facing heavy internal divide and external sanctions regressed into authoritarianism for more control.",,,,,,,www.reddit.com/r/Thailand,,0,,,[],iyehfv4,[],,15786,,,,"['alternate', 'thai', 'government', 'people', 'respond', 'indochina', 'split']",en,,1.0,[],,,2022-11-30,0_87317_126_t1_iyehfv4,0_87317_126_t3_z7ln4d,,,,,,,0.01810787431895733,,REDDIT,,[],Alternate: How would the Thai government and people respond Indochina Split?,"['China', 'Thailand', 'Territorial disputes in the South China Sea', 'United States', 'Political theories', 'Politics', 'Political science', 'International relations', 'Political ideologies', 'Government', 'Global politics', 'Ideologies', 'Liberal democracy', 'Cold War', 'South China Sea', 'Asia', 'Democracy', 'Forms of government', 'Authoritarianism', 'Soviet Union', 'Chinese Communist Party', 'Japan', 'Foreign policy', 'Communism', 'Far-left politics', 'Diplomacy', 'World War II', ""History of the People's Republic of China (1949â€“1976)"", 'ASEAN']",2022-12-01,https://www.reddit.com/r/Thailand/comments/z7ln4d/alternate_how_would_the_thai_government_and/iyehfv4/,,,,,,unknown,,,,,Sontlesmotsquivont,Sontlesmotsquivont,[],,71.52,from 2022-11-23 to 2022-11-30
"['sentiment_general', 'topics_general', 'language_general', 'image_analysis', 'emotion_analysis', 'entities']",,,,[],"I would if I could, unfortunatelly I couldn't find any Vietnamese who supported American troops, all of them were killed by communists aftermath or drowning dead trying to scape in rafts at South China Sea.",,,,,,,www.reddit.com/r/Damnthatsinteresting,,0,,,[],iyeflwl,[],,820581,,,,"['booby', 'traps', 'vietnamese', 'used', 'fight', 'american', 'invaders', 'vietnam']",en,,1.0,[],,,2022-11-30,0_87317_126_t1_iyeflwl,0_87317_126_t3_z8kixl,,,,,,,-0.39265362094430367,,REDDIT,,[],Booby traps that Vietnamese used to fight off American invaders in the Vietnam War,"['Revolution-based civil wars', 'Presidency of Lyndon B. Johnson', 'Vietnamese independence movement', 'Late modern period', 'Presidency of Richard Nixon', 'Vietnam War', 'Wars', 'Presidency of Gerald Ford', 'Presidency of John F. Kennedy', 'Conflicts', 'Military of South Vietnam', 'Government of Vietnam', 'Military', 'War', 'International relations', 'Presidency of Dwight D. Eisenhower', 'Guerrilla wars', 'Vietnam', 'Warfare of the late modern period', 'Proxy wars', 'Indochina Wars', '2nd-millennium conflicts', 'Cold War conflicts', 'Imperialism', 'Military of Vietnam', 'Communism', 'Cold War', 'Warfare', 'Communism-based civil wars', 'Military operations', 'Vietnamese nationalism', 'South Vietnam', 'Anti-communism', 'Politics of Vietnam', 'Asia', 'Aftermath of World War II', 'Guerrilla warfare', 'Wars of independence', 'Global conflicts', 'French Indochina', 'Former polities of the Indochina Wars', 'Military of the United States', 'Politics', 'Communist revolutions', 'Southeast Asia']",2022-12-01,https://www.reddit.com/r/Damnthatsinteresting/comments/z8kixl/booby_traps_that_vietnamese_used_to_fight_off/iyeflwl/,,,,,,unknown,,,,,AdorableEntrance3240,AdorableEntrance3240,[],,109.83,from 2022-11-23 to 2022-11-30
"['sentiment_general', 'topics_general', 'language_general', 'image_analysis', 'emotion_analysis', 'entities']",,,,[],"SHAH ALAM - Dua daerah di Perak dan satu daerah di Selangor masih terjejas akibat banjir setakat jam 4 petang Rabu.

Agensi Pengurusan Bencana Negara (Nadma) menerusi kenyataannya berkata, seramai 402 mangsa daripada 116 ketua isi rumah (KIR) direkodkan berada di empat pusat pemindahan sementara (PPS) setakat ini.

""Jumlah ini menunjukkan sedikit peningkatan berbanding pada Selasa di mana hujan lebat berterusan petang semalam telah mengakibatkan kejadian banjir di beberapa kawasan di daerah Sepang, Hulu Selangor dan Ampang Jaya,"" katanya.

Menurut Nadma, dua PPS dibuka di daerah Sepang bagi menempatkan 90 mangsa daripada 24 KIR.

Sementara itu, laporan Jabatan Pengairan dan Saliran (JPS) pula berkata, sehingga jam 4.30 petang Rabu, satu sungai merekodkan bacaan pada tahap bahaya iaitu Sungai Junjung di Simpang Empat, Seberang Perai Selatan, Pulau Pinang.

Kata JPS, terdapat dua sungai di mana bacaan air berada di tahap amaran iaitu Sungai Semenyih di Pekan Bangi Lama, Hulu Langat, Selangor dan Sungai Bernam di Kampung Sungai Selisek, Hulu Selangor, Selangor.

JPS turut mengeluarkan amaran banjir bagi negeri Terengganu dan Kelantan pada jam 3 petang Rabu melibatkan lembangan Sungai Setiu, Sungai Dungun, Sungai Kemaman, Sungai Paka, Sungai Besut dan Sungai Golok.

""Banjir yang diramalkan ini boleh berlaku lebih awal atau lewat dari masa yang dijangkakan.

""Amaran ini dikeluarkan bagi membolehkan semua penduduk terutama di kawasan yang dijangka banjir berwaspada dan mematuhi arahan pihak berkuasa atau agensi-agensi pengurusan bencana banjir terlibat,"" ujarnya.

Sementara itu Jabatan Meteorologi (MetMalaysia) berkata, pada jam 3.30 petang telah mengeluarkan ramalan cuaca signifikan bagi tempoh 1 hingga 7 Disember.

""Berdasarkan analisis model-model cuaca, angin timuran kencang dijangka bertumpu di timur Sabah, pantai timur dan utara Semenanjung hingga 5 Disember dan berpotensi menyebabkan hujan lebat berterusan di kawasan terbabit.

""Pada masa sama satu sistem cuaca tekanan rendah dijangka terbentuk di perairan Laut China Selatan pada 2 Disember dan diramal bergerak ke barat merentasi sempadan Malaysia-Thailand menuju ke Laut Andaman pada 3 hingga 4 Disember,"" jelasnya.

Sehubungan itu, MetMalaysia telah keluarkan amaran hujan berterusan (waspada) melibatkan timur Sabah, pantai timur dan utara Semenanjung dalam tempoh 1 hingga 4 Disember.",MY,,CREDIBLE,77.5,,,msn.com,,0,,,[],67c54d80dd33412847ee89269dae9bcf,"[{'title': '', 'url': 'https://img-s-msn-com.akamaized.net/tenant/amp/entityid/AA14J6tb.img?h=315&w=600&m=6&q=60&o=t&l=f&f=jpg'}]",,39919,,,,"['banjir', 'dua', 'negeri', 'masih', 'terjejas', 'jumlah', 'mangsa', 'meningkat']",ms,4.210484,,[],101.975766,,2022-11-30,0_87317_16_67c54d80dd33412847ee89269dae9bcf,0,,,,,,,0.0,,ONLINE_NEWS,,[],"Banjir: Dua negeri masih terjejas, jumlah mangsa meningkat",,2022-12-01,http://ct.moreover.com/?a=49389255004&p=189&v=1&x=laqFZNSTw8Inw57SN2mbqg,,,,,,unknown,0,,,,Nurfardlina Izzati Moktar,Nurfardlina Izzati Moktar,[],,149.98,from 2022-11-23 to 2022-11-30
"['sentiment_general', 'topics_general', 'language_general', 'image_analysis', 'emotion_analysis', 'entities']",,,,[],"The very existence of the ""PRC"" is a violation of ROC sovereignty.",,,,,,,www.reddit.com/r/ChunghwaMinkuo,,0,,,[],iyeb6hx,[],,995,,,,"['communist', 'china', 'accuses', 'navy', 'violating', 'sovereignty', 'south', 'china', 'radio', 'free', 'asia']",en,,1.0,[],,,2022-11-30,0_87317_126_t1_iyeb6hx,0_87317_126_t3_z8hxcm,,,,,,,-0.10388900836308798,,REDDIT,,[],[Communist] China accuses US Navy of 'violating its sovereignty' in South China Sea - Radio Free Asia,"['Politics of China', 'Politics of East Asia', 'China', 'Foreign relations of Taiwan', 'International relations', 'Politics of Taiwan', 'Territorial disputes of the Republic of China', 'Government of Taiwan', 'Foreign relations of China', 'Taiwan under Republic of China rule', 'Territorial disputes of China', 'Politics', 'Politics of Asia', 'Global politics', 'Asia', 'Politics of the Republic of China', 'Taiwan']",2022-12-01,https://www.reddit.com/r/ChunghwaMinkuo/comments/z8hxcm/communist_china_accuses_us_navy_of_violating_its/iyeb6hx/,,,,,,unknown,,,,,yunyizhe,yunyizhe,[],,44.81,from 2022-11-23 to 2022-11-30
"['sentiment_general', 'topics_general', 'language_general', 'image_analysis', 'emotion_analysis', 'entities']",,,,[],"BEIJING, Nov. 30 (Xinhua) -- Chinese Premier Li Keqiang met with Thongloun Sisoulith, general secretary of the Lao People's Revolutionary Party Central Committee and Lao president, on Wednesday in Beijing, calling for enhanced bilateral cooperation.

Noting that China and Laos enjoy a high degree of political mutual trust, sound mutually beneficial cooperation and friendly people-to-people exchanges, Li said China stands ready to work with Laos to maintain high-level exchanges between the two parties and two countries, further expand and deepen bilateral practical cooperation, and bring more benefits to the two countries and two peoples.

Li said China is willing to strengthen exchanges on governance with Laos to explore the potential of mutually beneficial cooperation between the two parties and two countries.

Noting that China and Laos, both developing countries, have always respected and supported each other, Li said it is hoped that the two sides will do a good job in the operation and maintenance of the China-Laos Railway, improve transport efficiency and facilitation, and better leverage the role of the railway in driving the economic and social development of Laos.

""China is willing to import more marketable quality agricultural products from Laos, and encourages Chinese companies to invest in Laos and expand cooperation on energy, mining, electricity and clean energy,"" said the premier.

Li said China attaches great importance to China-ASEAN relations, and stands ready to work with ASEAN countries to jointly maintain peace and stability in the South China Sea.

Thongloun said Laos is willing to strengthen cooperation with China in key areas and promote the driving role of the Laos-China Railway in Laos' economic and social development.

It is hoped that the export of high-quality Laotian agricultural products to China will be expanded, Thongloun said, adding that Laos welcomes more Chinese enterprises to invest in Laos and participate in the construction of major projects in the country.",CN,,,,,,english.gov.cn,joy,0,,,[],ad7d4980fe65cacd92f32d6707bd6ff8,[],,9,,,,"['chinese', 'meets', 'lao', 'president']",en,35.86166,,[],104.195397,,2022-11-30,0_87317_16_ad7d4980fe65cacd92f32d6707bd6ff8,0,,,,,,,0.5139469560454873,,ONLINE_NEWS,,[],Chinese premier meets with Lao president,"['Foreign policy', 'Politics of China', 'Politics', 'International relations', 'Economy', 'Global politics', 'Politics of Asia', 'Diplomacy', 'China', 'Laos', 'Government', 'ASEAN', 'Economies', 'Politics of East Asia', 'Asia', ""Lao People's Revolutionary Party"", 'Beijing', 'Botenâ€“Vientiane railway', 'Li Keqiang', 'Foreign relations of China']",2022-12-01,http://ct.moreover.com/?a=49388985618&p=189&v=1&x=XFk2_u6YwsykzBNLMeDPYA,,,,,,,0,,,,,,[],,1.5,from 2022-11-23 to 2022-11-30
"['sentiment_general', 'topics_general', 'language_general', 'image_analysis', 'emotion_analysis', 'entities']",,,,[],Thanks a bunch,,,,,,,www.reddit.com/r/worldnews,,0,,,[],iye8jsi,[],,3342271,,,,"['china', 'drove', 'away', 'u.s', 'cruiser', 'illegally', 'intruded', 'waters', 'near', 'south', 'china']",fr,,1.0,[],,,2022-11-30,0_87317_126_t1_iye8jsi,0_87317_126_t3_z7hmjd,,,,,,,0.0,,REDDIT,,[],China says it drove away U.S. cruiser that 'illegally intruded' waters near South China Sea,[],2022-12-01,https://www.reddit.com/r/worldnews/comments/z7hmjd/china_says_it_drove_away_us_cruiser_that/iye8jsi/,,,,,,male,,,,,santo11893,santo11893,[],,123.46,from 2022-11-23 to 2022-11-30
"['sentiment_general', 'topics_general', 'language_general', 'image_analysis', 'emotion_analysis', 'entities']",,,,[],"Yes, and the entirety of the Irish Sea is Ireland's!",,,,,,,www.reddit.com/r/MapPorn,,0,,,[],iye5q1k,[],,231826,,,,"['territorial', 'claims', 'south', 'china']",en,,1.0,[],,,2022-11-30,0_87317_126_t1_iye5q1k,0_87317_126_t3_z7wye5,,,,,,,0.0,,REDDIT,,[],"Territorial claims, South China Sea",[],2022-12-01,https://www.reddit.com/r/MapPorn/comments/z7wye5/territorial_claims_south_china_sea/iye5q1k/,,,,,,unknown,,,,,HarpertheHarbour,HarpertheHarbour,[],,97.57,from 2022-11-23 to 2022-11-30
"['sentiment_general', 'topics_general', 'language_general', 'image_analysis', 'emotion_analysis', 'entities']",,,,[],Aab Toh mai bolunga South China Sea wale Sabhi nations ko bulao aur China kai aaju Baju hi military exercise karo,,,,,,,www.youtube.com,,0,,,[],34686187861550153,[],,0,,,,"['aab', 'toh', 'mai', 'bolunga', 'south', 'china', 'wale', 'sabhi', 'nations', 'ko', 'bulao', 'aur', 'china', 'kai', 'aaju', 'baju', 'hi', 'military', 'exercise', 'karo']",hu,,,[],,,2022-11-30,0_87317_9_34686187861550153,0_87317_9_yt.loR8xykFhn4,,,,,,,,,YOUTUBE,,[],,,2022-12-01,https://www.youtube.com/watch?v=loR8xykFhn4&lc=UgzzffG1UWL4sbPC9k54AaABAg,,,,,,unknown,,,,,ritik singh jangpangi,ritik singh jangpangi,[],,1.0,from 2022-11-23 to 2022-11-30
"['sentiment_general', 'topics_general', 'language_general', 'image_analysis', 'emotion_analysis', 'entities']",,,,[],"Litmus test is an American aircraft carrier.  If China attacked one in the South China Sea, it would be considered an attack on US sovereign soil, and war would be immediate.  But, NATO wouldn't have an obligation to join the conflict (although some likely would, like the UK, and Asian allies)",,,,,,,www.reddit.com/r/ukraine,,0,,,[],iye3cbd,[],,90714,,,,"['turkish', 'power', 'ship', 'company', 'talks', 'supply', 'electricity', 'ukraine', 'devastating', 'russian', 'strikes', 'destroyed', 'infrastructure']",en,,1.0,[],,,2022-11-30,0_87317_126_t1_iye3cbd,0_87317_126_t3_z8kk4x,,,,,,,-0.3751388865358689,,REDDIT,,[],Turkish power ship company is in talks to supply electricity to Ukraine after devastating Russian strikes that destroyed the infrastructure.,"['International relations', 'Global politics', 'Foreign policy', 'International security', 'Warfare', 'Diplomacy', 'Military', 'Conflicts', 'Transatlantic relations', 'NATO', 'International military organizations', 'Foreign relations of the United States', 'Military science', 'Politics', 'National security', 'Cold War organizations', 'Supraorganizations']",2022-12-01,https://www.reddit.com/r/ukraine/comments/z8kk4x/turkish_power_ship_company_is_in_talks_to_supply/iye3cbd/,,,,,,unknown,,,,,joranth,joranth,[],,88.47,from 2022-11-23 to 2022-11-30
"['sentiment_general', 'topics_general', 'language_general', 'image_analysis', 'emotion_analysis', 'entities']",,,,[],Trident's are nuclear missiles. Cruise missiles pack in much smaller bays.,,,,,,,www.reddit.com/r/worldnews,,0,,,[],iydzoj0,[],,3342271,,,,"['china', 'drove', 'away', 'u.s', 'cruiser', 'illegally', 'intruded', 'waters', 'near', 'south', 'china']",en,,1.0,[],,,2022-11-30,0_87317_126_t1_iydzoj0,0_87317_126_t3_z7hmjd,,,,,,,-0.3668235315996058,,REDDIT,,[],China says it drove away U.S. cruiser that 'illegally intruded' waters near South China Sea,"['Missile', 'Explosive projectiles', 'Warfare', 'Projectile weapons', 'International security', 'Security', 'Military science', 'Weapons of the Cold War', 'Explosives', 'Unmanned aerial vehicles', 'Modern weapons', 'Nuclear technology', 'Nuclear explosives', 'Guided weapons', 'Nuclear weapons', 'Nuclear warfare', 'Weapons of mass destruction', 'Guided missiles', 'Bombs', 'Rockets and missiles', 'Explosive weapons', 'Rocket weapons', 'Weapons', 'Military technology', 'Missiles', 'Missile types', 'Radioactivity', 'Rocketry', 'Nuclear energy', 'Technology', 'Trident (missile)', 'Military equipment of the Cold War', 'Weapon development', 'Military', 'Hazards', 'Bombing', 'Nuclear weapons delivery', 'Technology hazards', 'Defense policy', 'Uncrewed vehicles', 'Tools', 'Nuclear physics']",2022-12-01,https://www.reddit.com/r/worldnews/comments/z7hmjd/china_says_it_drove_away_us_cruiser_that/iydzoj0/,,,,,,unknown,,,,,djbtech,djbtech,[],,123.46,from 2022-11-23 to 2022-11-30
"['sentiment_general', 'topics_general', 'language_general', 'image_analysis', 'emotion_analysis', 'entities']",,,,[],"Source for the missiles around Japan: [https://www.reuters.com/world/asia-pacific/japan-protests-after-chinese-missiles-land-its-exclusive-economic-zone-2022-08-04/](https://www.reuters.com/world/asia-pacific/japan-protests-after-chinese-missiles-land-its-exclusive-economic-zone-2022-08-04/)

Chinese actions must be judged on their own merits and not on the US's. Does the fact that it is the US deploying forces and accusing China of doing bad things change the merits of said Chinese actions? No. Therefore, we ought to exclude considerations of US choices in the past because they have no bearing on the merit of Chinese actions. I think that the type of argument one is advancing a type of ""Tu Quoque"" logic fallacy. 

Would we consider China putting Uighur minorities into concentration camps ""behaving like any rational actor would [in self-defence]""? Would we consider China meddling in foreign elections ""behaving like any rational actor would [in self-defence]""? Would we consider China arbitrarily arresting two Canadian citizens as a punitive response ""behaving like any rational actor would [in self-defence]""? Would we consider China violating the HongKong handover treaty and repressing HongKongers' civil rights ""behaving like any rational actor would [in self-defence]""? I would say no. In my opinion, none of that is self-defence.  

And in regards to the South China Sea situation, it is not what China has done, but how they did it. They have illegally seized islands, then they claimed not to be building bases, only to later be discovered building bases. China lied and continues to lie, and now illegally claims that international waters are domestic waters. Most of US forces there are there to assert freedom of navigation.",,,,,,,www.reddit.com/r/canada,,0,,,[],iydyj6c,[],,164095,,,,"['canadian', 'military', 'plane', 'intercepted', 'chinese', 'jets', 'numerous', 'times', 'weeks']",en,,1.0,"[{'title': None, 'url': 'https://www.reuters.com/world/asia-pacific/japan-protests-after-chinese-missiles-land-its-exclusive-economic-zone-2022-08-04/', 'credibility_label': 'CREDIBLE', 'credibility_score': 95.0}]",,,2022-11-30,0_87317_126_t1_iydyj6c,0_87317_126_t3_z8cca3,,,,,,,-0.10689012010892233,,REDDIT,,[],Canadian military plane intercepted by Chinese jets 'numerous' times in recent weeks,"['China', 'Politics', 'Issues in ethics', 'International relations', 'Law', 'Justice', 'Argument', 'Logic', 'Ethical principles']",2022-12-01,https://www.reddit.com/r/canada/comments/z8cca3/canadian_military_plane_intercepted_by_chinese/iydyj6c/,,,,,,unknown,,,,,S_Collins,S_Collins,[],,94.22,from 2022-11-23 to 2022-11-30
"['sentiment_general', 'topics_general', 'language_general', 'image_analysis', 'emotion_analysis', 'entities']",,,,[],"""InTErNaTiOnAL laW"" that Turkey did not sign. You need bilateral signature my friend.",,,,,,,www.reddit.com/r/MapPorn,,0,,,[],iydworr,[],,231826,,,,"['territorial', 'claims', 'south', 'china']",en,,1.0,[],,,2022-11-30,0_87317_126_t1_iydworr,0_87317_126_t3_z7wye5,,,,,,,0.6880000240662519,,REDDIT,,[],"Territorial claims, South China Sea",[],2022-12-01,https://www.reddit.com/r/MapPorn/comments/z7wye5/territorial_claims_south_china_sea/iydworr/,,,,,,unknown,,,,,Fun_Vegetable9512,Fun_Vegetable9512,[],,97.57,from 2022-11-23 to 2022-11-30
"['sentiment_general', 'topics_general', 'language_general', 'image_analysis', 'emotion_analysis', 'entities']",,Beijing,29.0,[],"Crafted from panels made from shagreen â€“ a rare material achieved using the skin of rays, Shagreen Scales is a Tatiana Tafur exclusive. Each skin is sourced from the depths of the South China Sea, painstakingly treated and then applied to bronze panels. This finish is completed with mother of pearl detailing. Available in a...",CN,,,,,,www.pinterest.com,,0,,,[],411797959692085897,"[{'title': '', 'url': 'https://i.pinimg.com/originals/1e/c5/f1/1ec5f1376958bdee9fbb3852ce6cc6c7.jpg'}]","['abstract', 'pattern', 'texture', 'desktop', 'design', 'retro', 'vintage', 'decoration', 'shape', 'old', 'art', 'wall', 'antique', 'fabric', 'paper', 'illustration', 'background', 'wallpaper', 'picture frame', 'element']",16,,,,"['shagreen', 'scales', 'crafted', 'panels', 'shagreen', 'rare', 'material', 'achieved', 'using', 'skin', 'rays', 'shagreen', 'scales', 'tatiana', 'tafur', 'exclusive', 'skin', 'sourced', 'depths', 'south', 'china', 'painstakingly', 'treated', 'applied', 'bronze', 'panels', 'finish', 'completed', 'mother', 'pearl', 'detailing', 'available']",en,39.9059631,,[{'url': 'https://tatianatafur.com/surfaces/shagreen-scales/'}],116.391248,,2022-11-30,0_87317_146_411797959692085897,0_87317_146_411797959692085897_root,,,,,,,0.41117648517384253,,PINTEREST,,[],Shagreen Scales,[],2022-12-01,https://www.pinterest.com/pin/411797959692085897/,,Beijing,CN,120.0,18.0,unknown,,,39.9059631,116.391248,YinYue,yinyue0612,[],,4.46,from 2022-11-23 to 2022-11-30
"['sentiment_general', 'topics_general', 'language_general', 'image_analysis', 'emotion_analysis', 'entities']",,,,[],The Chinese comical party is losing credibility by the secondâ€¦ bunch of evil control freak clowns,,,,,,,www.reddit.com/r/China,,0,,,[],iydnmxb,[],,46416,,,,"['china', 'continue', 'collision', 'course', 'pla', 'alleges', 'navy', 'violated', 'sovereignty', 'south', 'china']",en,,1.0,[],,,2022-11-30,0_87317_126_t1_iydnmxb,0_87317_126_t3_z8n4wu,,,,,,,-0.38058822435491224,,REDDIT,,[],"China, US Continue On Collision Course As PLA Alleges Navy 'Violated Sovereignty' In South China Sea","['Clowning', 'Clowns', 'Circus performers', 'Circus skills', 'Archetypes', 'Comedy', 'Literary archetypes', 'Performing arts', 'Stereotypes', 'Stock characters', 'Circuses', 'Performing arts companies']",2022-12-01,https://www.reddit.com/r/China/comments/z8n4wu/china_us_continue_on_collision_course_as_pla/iydnmxb/,,,,,,unknown,,,,,evorna,evorna,[],,81.97,from 2022-11-23 to 2022-11-30
"['sentiment_general', 'topics_general', 'language_general', 'image_analysis', 'emotion_analysis', 'entities']",,,,[],"Liputan6.com, Jakarta - Presiden Joko Widodo atau Jokowi melalui Menteri Sekretaris Negara (Mensesneg) Pratikno telah mengirimkan Surat Presiden (Surpres) tentang Pergantian Panglima TNI kepada Ketua DPR RI Puan Maharani.

Jokowi menunjuk Kepala Staf Angkatan Laut (KSAL) Laksamana Yudo Margono sebagai calon tunggal Panglima TNI menggantikan Jenderal Andika Perkasa yang akan pensiun pada 21 Desember 2022 ini. Nantinya DPR yang akan mengesahkan Yudo sebagai Panglima TNI setelah melalui serangkaian tes dan verifikasi.

Presiden Jokowi mengungkapkan alasannya menunjuk Yudo Margono sebagai calon tunggal Panglima TNI. Kata dia, salah satunya adalah rotasi matra setelah dua periode sebelumnya dipimpin oleh TNI AU dan TNI AD, yakni Marsekal Hadi Tjahjanto dan Jenderal Andika Perkasa.

""Satu, yang kita ajukan satu (calon), KSAL yang sekarang karena memang kita rotasi matra,"" ujar Jokowi saat ditemui di Rumah Adat Radakng, Kota Pontianak, Kalimantan Barat, Selasa (29/11/2022).

Pengamat Politik dari Universitas Al Azhar Indonesia,Â Ujang Komarudin menilai Jokowi tidak mau berpolemikÂ dalam pergantianÂ Panglima TNI kali ini.Â Apalagi jika merujuk pada Undang-Undang Nomor 34 Tahun 2004 tentang TNI, seharusnya jabatan Panglima setelah Hadi Tjahjanto pensiun adalah jatah TNI AL.

""Tetapi kan diberikan kepada Andika. Artinya saat ini supaya tidak ada konflik, pertama memang mengajukan satu nama, karena kalau dua nama itu kan menjadi persoalan. Kedua karena ini giliran, ya sudah karena waktunya AL. Jadi secara politik maupun secara aturan dan ketentuan pun Jokowi tidakÂ disalahkan,""Â ujarnya saat dihubungi Liputan6.com, Rabu (30/11/2022).

Namun begitu, menurut dia, rotasi matra bukanlah satu-satunya pertimbanganÂ Istana menunjuk Yudo sebagai pucuk pimpinan TNI. Tentu ada juga alasan politis di balik penunjukan jenderal bintang empat TNI AL ini sebagai Panglima. Apalagi saat ini merupakan tahun politik menjelang Pemilihan Umum (Pemilu) 2024.

""Pasti arahannya ke sana juga. Tentu dicari pihak yang tadi bisa mengamankan stabilitas politik. Kedua, juga dicari orang yang lebih dekat di antara ketiga matra itu. Selain dari giliran itu, ya mungkin Jokowi merasa nyaman dan dekat dengan Yudo,"" kata Ujang.

""Jadi saya sih melihat, Panglima itu kan menjaga pertahanan dan keamanan negara, termasuk stabilitas politik. Kalau polisi dan tentara itu harus betul-betul orangnya presiden, karena dia punya senjata, punya kekuatan. Jadi kalau bukan orangnya presiden, bahaya,"" sambungnya.

Yudo Margono sendiri kini telah berusia 57 tahun. Berdasarkan UU TNI, maka Yudo akan pensiunÂ pada 26 November 2023 tepat di usianya yang ke-58. Meski tak genap setahun menjabat sebagai Panglima TNI, Yudo diyakini tetap bisa menjaga stabilitas keamanan jelang Pemilu 2024.

""Saya sih melihat dalam konteks saat ini sampai November 2023 dia dianggap layak dan pantas. KeduaÂ juga memang sudah waktunya (TNI AL).Â JadiÂ nanti kalau memang waktunya pensiun ya pensiun, ketentuannya begitu, maka akan dipilih Panglima yang baru. Kecuali kalau sama Jokowi diperpanjang,"" tutur dia.

Ujang berharap, perwira tinggi Angkatan Laut tersebutÂ bisa menjaga netralitas TNI di tahun politik. Ini menjadi tantangan utama Yudo MargonoÂ sebagai Panglima TNI, selain juga memastikan stabilitas keamanan nasional jelang Pemilu tetap terjaga.

""Jangan memihak ke sana kemari. Karena TNI itu alat negara yang kepentingannya menjaga keamanan negara, bukan untuk pihak memihak. Jadi ini yang harus dijaga,"" ucap Ujang.

Lebih lanjut, Yudo juga memiliki pekerjaan rumah (PR) yang tak kalah penting, yakni harus bisaÂ mensejahterakanÂ prajurit TNI.Â 

""Selama ini TNI kan tanda petik masih kalah dengan polisi. Dalam konteks kalau TNI enggak adaÂ mainan, polisi selalu banyak mainan. Ini yang harus dipikirkan bagaimana tentara itu bekerja proporsional, di saat yang sama juga sejahtera,"" katanya menandasi.

Sementara itu, Pengamat militer dariÂ Institute for Security and Strategic Studies (ISESS) Khairul Fahmi menilai bahwaÂ rotasi matra bukanlah satu-satunya alasanÂ Jokowi menunjuk KSAL Laksamana Yudo MargonoÂ sebagai calon tunggal Panglima TNI.

""Tentu ada aspek lain baik secara obyektif atau subyektif pengunaan hak prerogatif presiden. Aspek lainnya kelayakan kepatutan terkait dengan kebutuhan presiden. Kalau soal politik, saya kira itu dipertimbangkan sebagai aspek tapi bukan yang utama. Aspek utamanya kelayakan dan kepatutan,"" kata Fahmi saat dihubungi Liputan6.com, Rabu (30/11/2022).

Namun dia tidak sepakat jika tahun politik dikaitkan dengan penunjukan Panglima TNI. Sebab pergantian pucuk pimpinan TNI sama sekali tidak ada kaitannya dengan agenda Pemilu. Fahmi menegaskan, kerawanan atau tidaknya tahapan Pemilihan Umum sepenuhnya bergantungÂ pada integritas penyelenggara maupun pesertaÂ Pemilu itu sendiri, bukan Panglima TNI.

""Pengaitan itu justru lebih bertendensi pada upaya menarik-narik TNI untuk cawe-cawe pada agenda politik praktis, bukan politik negara. Saat ini kita berada pada masa reformasi, bukan masa Orde Baru lagi, di mana militer saat itu selain berfungsi sebagai stabilisator dan dinamisator, juga punya peran sangat penting dalam pengamanan dan pemenangan Pemilu,"" tuturnya.

Fahmi mengatakan, memiliki Panglima TNI yang jauh dari sifat politis merupakanÂ gagasan ideal, namun rumit secara faktual.Â Sebab, bagaimanapun nama Panglima TNI adalah produk politik, berangkat dari usulan yang merupakan hak prerogatif presiden dan melalui proses persetujuan DPR yang merupakan representasi kekuatan politik.

Selain itu, kata dia, militer Indonesia adalah militer yang sejak awal sudah cenderung berpolitik. Militer Indonesia lahir dari kancah revolusi kemerdekaanÂ yang merupakan peristiwa politik. Bagi prajurit TNI, terlibat dalam politik adalah implementasi sifat kepejuangan dalam menyelamatkan dan membela negara.

""Jadi yang paling masuk akal adalah kita memiliki Panglima TNI yang memahami batasan sesuai perundang-undangan, mampu berjarak dengan agenda-agenda politik praktis elektoral dan kekuasaan dan berkomitmen sepenuhnya bahwa politik yang dijalankan dan dikawal oleh TNI adalah politik negara,"" ujar Fahmi.

Calon panglima TNI Laksamana Yudo Margono diketahui akan memasuki pensiun pada 26 November 2023. Masa pensiun Yudo disebut sebagai masa genting sebab terjadi jelang pelaksanaan Pemilu 2024. Wacana perpanjangan masa jabatan Panglima TNI pun kembali bergulir.

Anggota Komisi I Fraksi PAN, Ahmad Rizki Sadig menyebut, segala kemungkinan ada, termasuk memperpanjang masa jabatan Yudo Margono sebagai Panglima TNI hingga Pemilu 2024.

""Ya itu semua dimungkinkan dan menjadi kewenangan prerogatif Presiden,"" kata Rizki saat dikonfirmasi, Rabu (30/11/2022).

Sementara terkait rencana pertanyaan yang akan disampaikan kepada Yudo Margono saat fit and proper testÂ atau uji kelayakan dan kepatutan nanti, Rizki menyebut, salah satu yang akan ditanyakan yakni soal efektifitas masa jabatannya sebagai Panglima TNI yang kurang dari satu tahun.

""Saya sih lebih concern pada masalah masa jabatan yang sama dengan Pak Andika yang cuma satu tahun, sementara tahun 2024 awal kita sudah memasuki Pemilu, sehingga proses konsolidasi jaringan tentara dalam rangka proses pelaksanaan Pemilu yang akan disiapkan selama tahun 2023 saya kira harus menjadi concern-nya,"" kata Rizki.

Kemungkinan kembali munculnya wacana perpanjangan masa jabatan Panglima TNI juga diprediksi Ujang Komarudin.Â Apalagi waktu pensiun Yudo terjadi hanya beberapa bulan jelang pemungutan suaraÂ Pileg dan Pilpres yang berlangsung pada Februari 2024.

""Kalau saya sih menganalisanya mungkin. Sangat mungkin, karena semua sudah diarahkan ke tahun politik di 2024. Jadi kemungkinan diperpanjang, saya menduga ke arah sana,"" kataÂ Ujang.

Berbeda dengan Khairul Fahmi yang menilai sulit wacana perpanjanganÂ masa dinas Panglima TNI dilakukan. Mengacu pada ketentuan Pasal 13 dan Pasal 53 UUÂ Nomor 34 Tahun 2004 tentang TNI, tidak ada aturan yang membuka peluang perpanjangan masa dinas bagi perwira tinggi yang menduduki jabatan tertentu, seperti Panglima TNI.

""Peluang baru terbuka jika dilakukan perubahan pada UU tersebut. Terutama pada kedua pasal di atas, atau Presiden menerbitkan Perppu (Peraturan Pemerintah Pengganti Undang-Undang) sebagai alas hukum perpanjangan. Namun saya memandang tidak ada kegentingan yang dapat menjadi alasan penerbitan Perppu,"" kataÂ Fahmi.

Perpanjangan masa dinas Panglima TNI memang pernah dialami oleh Jenderal Endriartono Soetarto yang menjadi pucuk pimpinan TNI pada 2002-2006. Namun hal itu, menurut Fahmi, tidak tepat untuk dijadikan preseden saat ini. Sebab rezim undang-undangnya berbeda.

""Pak Hendriartono Sutarto ituÂ UU 34 Tahun 2004 belum berlaku. Perpanjangan Pak Hendriartono Sutarto itu terjadi bukan setelah UU 34/2004. Tapi UU 2/88. Jadi setelah UU 34/2004, di dalam UU itu tidak ada klausul yang mengatur soal perpanjangan masa jabatan,"" ucapnya menjelaskan.

Selain itu, Fahmi menegaskan bahwa kemampuan menjaga stabilitas nasional tidak bergantung pada lama tidaknya Panglima TNI menjabat. Sebab, menjaga stabilitas nasional adalah pekerjaan yang berkelanjutanÂ dan berkesinambungan.

""Sehingga kalau dikaitkan dengan waktu yang singkat tentu saja enggak. Karena siapapun yang menjadi Panglima, selama apapun jadi Panglima, dia harus tetap bertanggung jawab menjaga stabilitas keamanan,"" kata peneliti ISESS ini menandaskan.

Pengamat militer dan pertahanan Connie Rahakundini Bakrie menilai penunjukan KSAL Marsekal Yudo Margono sebagai calon tunggal Panglima TNI merupakan langkah tepat. Penunjukan Yudo, menurut Connie, membuktikan bahwa Jokowi ingin menjadikan Indonesia negara maritim yang kuat.

""Presiden memenuhi janjinya, di awal memimpin negeri ini beliau menyatakan bahwa Indonesia harus menjadi negara poros maritim dunia dan harus mewujudkan nawacita, yakni kita harus punya kekuatan pertahanan di dua samudera,"" kata Connie saat dihubungi Liputan6.com, Rabu (30/11/2022).

Menurut Connie, Yudo memiliki pekerjaan rumah (PR) cukup banyak untuk mewujudkan Indonesia sebagai poros maritim dunia. Namun PR itu bisa dirangkum dalam tiga hal, yakni power projection (proyeksi kekuatan), aset, dan kesiapan.

""Power projection yang benar untuk sebuah negara maritim, readinessÂ (kesiapan) yang benar, dan aset yang benar. Itu yang paling penting,"" ujar Connie.

PR kedua, menurutnya bagaimana mempersiapakan segala aset yang dimiliki, termasukÂ bagaimana menyiapkan aset pertahanan untuk digunakan.

""Kita punya aset, siapkah dia di-deploy? Itu menjadi sangat penting. Dan inilah yang menjadi PR yang menurut saya akan dibawa oleh Pak Yudo,"" ujar Connie.

Selain itu, dia mengingatkan bahwa perang atau ketegangan di negara tetangga juga harus menjadi perhatian Yudo Margono.

""Konstelasi di kawasan juga perlu menjadi perhatian misalnya adanya isu seolah Taiwan, atau Laut China Selatan, atau Indonesia bagian Timur akan menjadi hot spot,"" ungkapnya.

Oleh sebab itu, Connie berharap Yudo mampu membuat road map pertahanan Indonesia yang signifikan di masa kepemimpinannya sebagai Panglima TNI yang cenderung singkat.

""Walaupun ada yang bilang bahwa jangkanya pendek dalam memimpin sebagai panglima baru, tapi jangan lupa beliau mampu akan membuat sebuah roadmap pertahanan yang signifikan, sangat penting, yang mengandung tiga elemen tadi,"" kata Connie memungkasi.

Ketua Komisi I DPR Meutya Hafid menilai, calon tunggal Panglima TNI LaksamanaÂ Yudo Margono adalah sosok yang mempunyai rekam jejak mumpuni untuk menggantikan Jenderal Andika Perkasa.

""Beliau ini telah bermitra denganÂ Komisi I DPRÂ cukup lama dengan posisi beliau sebagai KSAL jadi teman-teman Komisi I sudah cukup mengenal rekam jejak beliau,"" kata Meutya dalam video di akun Instagramnya, dikutip Selasa (29/11/2022).

Secara pribadi, Meutya menilai Yudo sejak menjabat sebagai Panglima Komando Gabungan Wilayah Pertahanan (Pangkogabwilhan) I mampu meredam konflik dan mengamankan wilayah.

""Saya secara pribadi mengenal beliau sejak beliau Pangkogabwilhan ketika waktu itu terjadi insiden dengan Tiongkok di perairan Natuna. Sejak itu kami lihat kinerja beliau cukup baik meredam ketegangan di sana,"" kata dia.

Bahkan, politikus Golkar itu menilai catatan kerjaÂ calon Panglima TNIÂ itu cemerlang. Hal itu membuat Komisi IÂ DPR menyambut baik penunjukan Yudo Margono.

""Record-nya selama ini cukup cemerlang. Nanti detailnya, tidak pas kalau disampaikan sebelum fit and proper test sikap dan respons dari kami Komisi I terhadap penunjukan Bapak Yudo Margono. Tapi yang jelas saya cukup memahami dan ikut senang,"" kata Meutya Hafid memungkasi.

Sementara Anggota Komisi I DPR RI Bobby Adityo Rizaldi menilai, penunjukan KSAL Laksamana Yudo MargonoÂ sebagai calon tunggal Panglima TNI ini untuk memenuhi prinsip keterwakilan matra secara bergantian.

Penunjukan KSAL sebagai Panglima pengganti Andika Perkasa, menurutnya sangat tepat. Dengan prinsip keterwakilan matra TNI secara bergantian tersebut, maka tidak memunculkan polemik adanya supremasi tertentu.

""Karena kualitas semua kepala staf ini sama, penunjukan Kasal sebagai panglima ini lebih untuk memenuhi prinsip keterwakilan matra secara bergantian menjadi panglima, karena dari periode pertama Jokowi belum ada matra laut jadi panglima,"" kata Bobby.

Terkait fit and proper test Panglima TNI, ia mengungkap yang akan ditanyakan kepada Yudo adalah konsep sinergi peningkatan profesionalitas TNI dengan keterbatasan anggaran dari Kementerian Pertahanan (Kemhan), serta bagaimana tantangan pengembangan postur dan organisasi TNI.

""Karena ini fit and proper test, bukan assesment test, karena kualifikasi Panglima adalah pernah menjadi kepala staf, sehingga memenuhi syarat,"" ujarnya.

Bobby juga berharap institusi TNI di bawah Laksamana Yudo mampu mendukung misi dan visi Presiden Jokowi agar Indonesia bisa menjadi poros maritim dunia dalam waktu yang tidak terlalu lama lagi.

""Dan tetap menjadikan TNI sebagai institusi yang dipercaya dan dicintai masyarakat Indonesia,"" katanya menandaskan.

Kepala Center for Intermestic and Diplomatic Engagement (CIDE) Anton Aliabbas menyebut ada sembilan nama yang berpotensi mengisi jabatan Kepala Staf Angkatan Laut (KSAL) menggantikan Laksamana Yudo Margono. Yudo kini menjadi calon tunggal Panglima TNI yang akan menggantikan Jenderal Andika Perkasa.

""Secara normatif, perwira tinggi berpangkat Laksamana Madya mempunyai peluang untuk dipromosikan menjadi Kasal. Setidaknya ada 9 nama perwira tinggi berpangkat Laksamana Madya,"" ujar Anton kepada Liputan6.com, Rabu (30/11/2022).

Anton menyebut, sembilan perwira TNI AL itu telah memiliki ragam penugasan termasuk memimpin satuan operasi atau tempur. Kesembilan nama tersebut yakni Sekjen Dewan Ketahanan Nasional Laksamana Madya TNI Harjo Susmoro. Harjo lulusan Akademi Angkatan Laut (AAL) 1987 dengan sisa usia pensiun normatif tiga bulan.

Kemudian Kepala Badan Keamanan Laut (Bakamla) Laksamana Madya TNI Aan Kurnia yang merupakan AAL 1987 dengan sisa usia pensiun normatif 8 bulan. Ketiga yakni Inspektur Jenderal (Irjen) TNI Letnan Jenderal TNI (Mar) Bambang Suswantono (AAL 1987) dengan sisa usia pensiun normatif 8 bulan.

Keempat yakni Wakil Kasal Laksamana Madya TNI Ahmadi Heri Purwono (AAL 1988) dengan sisa usia pensiun normatif 11 bulan. Kelima Rektor Universitas Pertahanan (Unhan) Laksamana Madya TNI Amarulla Octavian (AAL 1988) dengan sisa usia pensiun normatif 11 bulan.

Keenam yakni Komandan Pushidrosal Laksamana Madya TNI Nurhidayat (AAL 1988) dengan sisa usia pensiun normatif 13 bulan. Ketujuh Pangkoarmada RI Laksamana Madya TNI Herru Kusmanto (AAL 1988) dengan sisa usia pensiun normatif 16 bulan.

Kedelapan Komandan Kodiklatal Letnan Jenderal TNI (Mar) Suhartono (AAL 1988) dengan sisa usia pensiun normatif 14 bulan. Dan terakhir Pangkogabwilhan I Laksamana Madya TNI Muhammad Ali (AAL 1989) dengan sisa usia pensiun normatif lebih dari 24 bulan.

Anton menyebut, dari sembilan nama tersebut, setidaknya ada lima nama yang pernah bertugas di ring-1 kepresidenan.

""Bambang Suswantono dan Suhartono sama-sama pernah tercatat sebagai Komandan Paspampres di era Presiden Joko Widodo. Lalu Herru Kusumastanto dan Muhammad Ali tercatat pernah bertugas sebagai ajudan Wakil Presiden Boediono. Sedangkan Amarulla Octavian pernah menjabat posisi ajudan Presiden Susilo Bambang Yudhoyono,"" kata Anton.

Menurut Anton, sejak memerintah pada Oktober 2014, setidaknya Presiden Jokowi telah mengangkat tiga nama yang menduduki jabatan KSAL. Menurut Anton, semuanya merupakan lulusan AAL yang lebih muda dari pejabat pendahulu dengan sisa usia pensiun paling sedikit 24 bulan atau lebih.

Sementara, terkait riwayat jabatan sebelum menjabat Kasal, tidak ada pakem tertentu yang dilakukan oleh Jokowi.

""Mengingat penunjukkan Kasal jelas merupakan hak prerogatif Presiden, tentu Jokowi memiliki keleluasaan dalam memilih satu dari sembilan nama yang ada. Apakah akan memilih sosok yang pernah bekerja sama, mengikuti kecenderungan riwayat penugasan atau memilih sosok yang memiliki sisa usia pensiun yang panjang? Atau Jokowi akan memilih sosok yang saat ini sedang bekerja langsung di bawah struktur kendalinya?,"" kata Anton.

Menurut Anton, tak tertutup kemungkinan kandidat calon KSAL bertambah apabila Jokowi mempromosikan perwira tinggi berpangkat Laksamana Muda untuk menduduki jabatan bintang tiga. Apalagi, kecenderungan penunjukan Kasal di era reformasi bukanlah suatu pakem yang mengikat untuk ditaati ataupun diikuti.

""Meski demikian, tentu saja, pemilihan Kasal yang baru kelak hendaknya lebih didasari pada kebutuhan untuk menjaga roda organisasi TNI AL bergerak dinamis dan solid dalam menghadapi ancaman maritim Indonesia,"" kata dia.

Dia menyebut, sejak reformasi bergulir setidaknya ada 13 perwira tinggi yang tercatat pernah atau sedang menjabat posisi KSAL. Dari data tersebut, dapat dilihat beberapa kecenderungan. Terkait riwayat jabatan sebelum menjabat KSAL, mayoritas adalah Wakil Kasal (38,5%), Kasum TNI (15,4%), Irjen Kemhan (15,4%) dan lain-lain (30,7%).

Sementara terkait sosok pejabat pengganti Kasal, mayoritas merupakan lulusan AAL yang lebih muda dari pejabat pendahulu yakni 84,8 persen. Sedangkan pejabat pengganti yang merupakan lulusan AAL lebih senior dari pendahulu mencapai 7,6 persen. Dan pejabat pengganti merupakan teman seangkatan AAL mencapai 7,6 persen.

""Di sisi lain, sosok pengganti Kasal mayoritas memiliki sisa usia pensiun yang relatif panjang yakni lebih dari 24 bulan (77%). Sementara, pejabat yang memiliki sisa usia pensiun 19-24 bulan saat akan menjabat jabatan Kasal (15,4%). Dan sosok yang memiliki sisa usia pensiun 18 bulan saat akan menjabat pos Kasal mencapai 7,6%. Dan dari 13 nama Kasal yang ada, hanya satu orang yakni Laksamana Sumarjono yang pernah bertugas sebagai ajudan Presiden Suharto,"" kata Anton.",ID,,,,,,liputan6.com,,0,,,[],955f57407291afb17cba45bef938af13,"[{'title': '', 'url': 'https://cdn1-production-images-kly.akamaized.net/F1YYNNTly8QaUoVEIteavg6EOZs=/1200x675/smart/filters:quality(75):strip_icc():format(jpeg)/kly-media-production/medias/4242299/original/000430300_1669626429-Kasal_Laksamana_TNI_Yudo_Margono_8.jpg'}]",,10486,,,,"['headline', 'ksal', 'laksamana', 'yudo', 'margono', 'calon', 'tunggal', 'panglima', 'tni', 'dari', 'jokowi', 'alasan', 'pertimbangan']",ms,-0.789275,,[],113.921327,,2022-11-30,0_87317_16_955f57407291afb17cba45bef938af13,0,,,,,,,-0.12048186560471853,,ONLINE_NEWS,,[],"HEADLINE: KSAL Laksamana Yudo Margono Calon Tunggal Panglima TNI dari Jokowi, Alasan dan Pertimbangan?",,2022-12-01,http://ct.moreover.com/?a=49388095912&p=189&v=1&x=FS9_of_rqBLpWvQJ_WHE9g,,,,,,unknown,0,,,,Delvira Hutabarat,Delvira Hutabarat,[],,170.08,from 2022-11-23 to 2022-11-30
"['sentiment_general', 'topics_general', 'language_general', 'image_analysis', 'emotion_analysis', 'entities']",,,11.0,[],"I heard that some people think China's wolf diplomacy is a terrible mistake. Although I believe, they should never have phrased the term ""Belt and Road"" and just kept investing in infrastructure around China to develop the surrounding region, I am not sure exactly why being more assertive is bad. In the South China Sea, Vietnam built military islands and sent warships, which forced China to do the same to tell other countries to do otherwise. In Taiwan, they should have responded aggressively without causing a war, because giving an inch to the U.S. there when it was a clear provocation would have meant that the U.S. would have been tougher on China and maybe would have postured more aggressively by sending more troops to South Korea, which could have escalated a crisis. It's true they should have probably have acted on the sideline to not make Dotard Trump realize just how strong they were, but not sure exactly how not acting assertive against the U.S. would be better. Japan got shafted by the U.S. during the Plaza Accord when it was teabagging the U.S. without even trying. Being Japan 2.0 would have been a lot worse for China in the long run.",,,,,,,www.reddit.com/r/LessCredibleDefence,sadness,13,,,[],z8wesp,[],,2108,,,,['china'],en,,2.0,[],,,2022-11-30,0_87317_126_t3_z8wesp,0,,,,,,,-0.5068109294947456,,REDDIT,,[],So what should China do?,"['International relations', 'Politics', 'Foreign policy', 'Global politics', 'Diplomacy', 'Asia', 'Government', 'Politics of Asia', 'Foreign relations', 'China', 'Foreign relations of the United States', 'United States', 'Belt and Road Initiative', 'Politics of East Asia', 'Politics of China']",2022-12-01,https://www.reddit.com/r/LessCredibleDefence/comments/z8wesp/so_what_should_china_do/,,,,,,unknown,,,,,circlefullofcurses,circlefullofcurses,[],,188.78,from 2022-11-23 to 2022-11-30
"['sentiment_general', 'topics_general', 'language_general', 'image_analysis', 'emotion_analysis', 'entities']",,,,[],"You need energy and free access to the commons to supply the African market.

The fact of the matter is that China is deeply reliant on imports. IF the U.S. could cripple those imports then China collapses eventually. Big if as a blockade in the South China Sea would mean feeding sailors into the meat grinder until the Chinese run out of missiles.",,,,,,,www.reddit.com/r/AlternateHistory,,0,,,[],iydlu41,[],,11290,,,,"['ww3', 'broke', 'nato', 'russia', 'china', 'likely', 'ending']",en,,3.0,[],,,2022-11-30,0_87317_126_t1_iydlu41,0_87317_126_t3_z86v49,,,,,,,-0.6329411983489991,,REDDIT,,[],"If WW3 broke out between NATO vs. Russia and China, what would be the most likely ending?",[],2022-12-01,https://www.reddit.com/r/AlternateHistory/comments/z86v49/if_ww3_broke_out_between_nato_vs_russia_and_china/iydlu41/,,,,,,unknown,,,,,khansatlas123,khansatlas123,[],,68.27,from 2022-11-23 to 2022-11-30
"['sentiment_general', 'topics_general', 'language_general', 'image_analysis', 'emotion_analysis', 'entities']",,,,[],"I mean, Vietnam's is also pretty batshit.",,,,,,,www.reddit.com/r/MapPorn,,0,,,[],iydkifv,[],,231826,,,,"['territorial', 'claims', 'south', 'china']",en,,1.0,[],,,2022-11-30,0_87317_126_t1_iydkifv,0_87317_126_t3_z7wye5,,,,,,,0.44941177017548506,,REDDIT,,[],"Territorial claims, South China Sea",[],2022-12-01,https://www.reddit.com/r/MapPorn/comments/z7wye5/territorial_claims_south_china_sea/iydkifv/,,,,,,unknown,,,,,MaxAugust,MaxAugust,[],,97.57,from 2022-11-23 to 2022-11-30
"['sentiment_general', 'topics_general', 'language_general', 'image_analysis', 'emotion_analysis', 'entities']",,,,[],Imperialist scum,,,,,,,www.reddit.com/r/MapPorn,,0,,,[],iydk5i7,[],,231826,,,,"['territorial', 'claims', 'south', 'china']",en,,1.0,[],,,2022-11-30,0_87317_126_t1_iydk5i7,0_87317_126_t3_z7wye5,,,,,,,,,REDDIT,,[],"Territorial claims, South China Sea",[],2022-12-01,https://www.reddit.com/r/MapPorn/comments/z7wye5/territorial_claims_south_china_sea/iydk5i7/,,,,,,unknown,,,,,Big_Profession2100,Big_Profession2100,[],,97.57,from 2022-11-23 to 2022-11-30
"['sentiment_general', 'topics_general', 'language_general', 'image_analysis', 'emotion_analysis', 'entities']",,,,[],"Actually it's ojibwe, chimokoman.",,,,,,,www.reddit.com/r/MapPorn,,0,,,[],iydisg7,[],,231826,,,,"['territorial', 'claims', 'south', 'china']",en,,1.0,[],,,2022-11-30,0_87317_126_t1_iydisg7,0_87317_126_t3_z7wye5,,,,,,,0.0,,REDDIT,,[],"Territorial claims, South China Sea",[],2022-12-01,https://www.reddit.com/r/MapPorn/comments/z7wye5/territorial_claims_south_china_sea/iydisg7/,,,,,,unknown,,,,,Various_Tailor2106,Various_Tailor2106,[],,97.57,from 2022-11-23 to 2022-11-30
"['sentiment_general', 'topics_general', 'language_general', 'image_analysis', 'emotion_analysis', 'entities']",,,,[],The American navy can literally just park itself in the South China Sea and wait for China to collapse. WHY people think China could beat America is beyond me.,,,,,,,www.reddit.com/r/AlternateHistory,,0,,,[],iydigrl,[],,11290,,,,"['ww3', 'broke', 'nato', 'russia', 'china', 'likely', 'ending']",en,,1.0,[],,,2022-11-30,0_87317_126_t1_iydigrl,0_87317_126_t3_z86v49,,,,,,,-0.6329411983489991,,REDDIT,,[],"If WW3 broke out between NATO vs. Russia and China, what would be the most likely ending?",[],2022-12-01,https://www.reddit.com/r/AlternateHistory/comments/z86v49/if_ww3_broke_out_between_nato_vs_russia_and_china/iydigrl/,,,,,,unknown,,,,,XenoBasher9000,XenoBasher9000,[],,68.27,from 2022-11-23 to 2022-11-30
"['sentiment_general', 'topics_general', 'language_general', 'image_analysis', 'emotion_analysis', 'entities']",,,,[],"Lol this is one of the many reasons people can't stand westerners, the unearned superiority is insane",,,,,,,www.reddit.com/r/MapPorn,,0,,,[],iydhpuy,[],,231826,,,,"['territorial', 'claims', 'south', 'china']",en,,1.0,[],,,2022-11-30,0_87317_126_t1_iydhpuy,0_87317_126_t3_z7wye5,,,,,,,-0.35727743401246914,,REDDIT,,[],"Territorial claims, South China Sea",[],2022-12-01,https://www.reddit.com/r/MapPorn/comments/z7wye5/territorial_claims_south_china_sea/iydhpuy/,,,,,,unknown,,,,,Impossible-Math-4392,Impossible-Math-4392,[],,97.57,from 2022-11-23 to 2022-11-30
"['sentiment_general', 'topics_general', 'language_general', 'image_analysis', 'emotion_analysis', 'entities']",,,,[],Chinese warning is going to play out as china pays attention to south china sea artificial islands. ARTIFICIALLY.,,,,,,,www.youtube.com,,0,,,[],32070213103789484,[],,0,,,,"['chinese', 'warning', 'play', 'china', 'pays', 'attention', 'south', 'china', 'artificial', 'islands', 'artificially']",en,,,[],,,2022-11-30,0_87317_9_32070213103789484,0_87317_9_yt.XlVbuwN_yc8,,,,,,,-0.5182353159960579,,YOUTUBE,,[],,,2022-12-01,https://www.youtube.com/watch?v=XlVbuwN_yc8&lc=UgxYSO4D9f2PSF24ubF4AaABAg,,,,,,male,,,,,James B,James B,[],,1.0,from 2022-11-23 to 2022-11-30
"['sentiment_general', 'topics_general', 'language_general', 'image_analysis', 'emotion_analysis', 'entities']",,,,[],Deflection from their domestic unrest.,,,,,,,www.reddit.com/r/worldnews,,0,,,[],iydfqhz,[],,3342271,,,,"['china', 'drove', 'away', 'u.s', 'cruiser', 'illegally', 'intruded', 'waters', 'near', 'south', 'china']",en,,1.0,[],,,2022-11-30,0_87317_126_t1_iydfqhz,0_87317_126_t3_z7hmjd,,,,,,,-0.5320000087513643,,REDDIT,,[],China says it drove away U.S. cruiser that 'illegally intruded' waters near South China Sea,[],2022-12-01,https://www.reddit.com/r/worldnews/comments/z7hmjd/china_says_it_drove_away_us_cruiser_that/iydfqhz/,,,,,,unknown,,,,,jewelandparsons,jewelandparsons,[],,123.46,from 2022-11-23 to 2022-11-30
"['sentiment_general', 'topics_general', 'language_general', 'image_analysis', 'emotion_analysis', 'entities']",,,,[],China suffers for losing the GLOBAL market as America can simply Blockade the South China Sea and stop China from importing goods.,,,,,,,www.reddit.com/r/AlternateHistory,sadness,0,,,[],iydfirm,[],,11290,,,,"['ww3', 'broke', 'nato', 'russia', 'china', 'likely', 'ending']",en,,2.0,[],,,2022-11-30,0_87317_126_t1_iydfirm,0_87317_126_t3_z86v49,,,,,,,-0.6329411983489991,,REDDIT,,[],"If WW3 broke out between NATO vs. Russia and China, what would be the most likely ending?",[],2022-12-01,https://www.reddit.com/r/AlternateHistory/comments/z86v49/if_ww3_broke_out_between_nato_vs_russia_and_china/iydfirm/,,,,,,unknown,,,,,XenoBasher9000,XenoBasher9000,[],,68.27,from 2022-11-23 to 2022-11-30
"['sentiment_general', 'topics_general', 'language_general', 'image_analysis', 'emotion_analysis', 'entities']",,,,[],Whats stopping them is multiple carrier strike groups of the USA in the south china sea and US doctrine of going to war with china if they touch taiwan,,,,,,,www.reddit.com/r/CrazyFuckingVideos,,0,,,[],iyddsbt,[],,163097,,,,"['welding', 'apartment', 'doors', 'shut', 'china', 'enforce', 'quarantine']",en,,1.0,[],,,2022-11-30,0_87317_126_t1_iyddsbt,0_87317_126_t3_z8fpzy,,,,,,,0.0,,REDDIT,,[],welding apartment doors shut in China to enforce the quarantine,"['Warships', 'Ships', 'Aircraft carriers', 'Naval aviation technology', 'Naval warfare', 'Water transport', 'Shipping', 'Watercraft', 'Military airbases', 'Military']",2022-12-01,https://www.reddit.com/r/CrazyFuckingVideos/comments/z8fpzy/welding_apartment_doors_shut_in_china_to_enforce/iyddsbt/,,,,,,unknown,,,,,Bepisman111,Bepisman111,[],,94.16,from 2022-11-23 to 2022-11-30
"['sentiment_general', 'topics_general', 'language_general', 'image_analysis', 'emotion_analysis', 'entities']",,,,[],"Yes it is, I didn't realize the typo. DÆ°Æ¡ng ÄÃ´ng is a city on PhÃº Quá»‘c that my and I went to and my phone did not register it as two separate things, haha",,,,,,,www.reddit.com/r/MapPorn,,0,,,[],iydcvjr,[],,231826,,,,"['territorial', 'claims', 'south', 'china']",en,,1.0,[],,,2022-11-30,0_87317_126_t1_iydcvjr,0_87317_126_t3_z7wye5,,,,,,,0.0,,REDDIT,,[],"Territorial claims, South China Sea",[],2022-12-01,https://www.reddit.com/r/MapPorn/comments/z7wye5/territorial_claims_south_china_sea/iydcvjr/,,,,,,unknown,,,,,Only-oneman,Only-oneman,[],,97.57,from 2022-11-23 to 2022-11-30
"['sentiment_general', 'topics_general', 'language_general', 'image_analysis', 'emotion_analysis', 'entities']",,Jakarta Special Capital Region,0.0,[],"Militer China mengusir kapal angkatan laut Amerika Serikat (AS) yang disebut secara ilegal menyusup ke perairan dekat Kepulauan Spartly, Laut China Selatan yang disengketakan.",id,,,,,,www.facebook.com,,6,,,[],10160602379519962,"[{'title': '', 'url': 'https://external-fra5-2.xx.fbcdn.net/emg1/v/t13/14135917103470843966?url=https%3a%2f%2fcdn-2.tstatic.net%2ftribunnews%2ffoto%2fbank%2fimages%2fuss-chancellorsville.jpg&fb_obo=1&utld=tstatic.net&stp=dst-emg0_q75&ccb=13-1&oh=06_AbFbI8GV52FoaEEgqP_wMQIdnv9OTmqTy-j20MwUadl4Mg&oe=63898595&_nc_sid=5f3a21'}]","['ship', 'water', 'sea', 'watercraft', 'warship', 'navy', 'sky', 'transportation system', 'no person', 'battleship', 'technology', 'military', 'ocean', 'vehicle', 'travel', 'boat', 'nautical', 'marine', 'power', 'industry']",22,,,,"['militer', 'china', 'mengusir', 'kapal', 'angkatan', 'laut', 'amerika', 'serikat', 'yang', 'disebut', 'secara', 'ilegal', 'menyusup', 'ke', 'perairan', 'dekat', 'kepulauan', 'spartly', 'laut', 'china', 'selatan', 'yang', 'disengketakan']",ms,-6.208746839686165,6.0,"[{'url': 'https://www.tribunnews.com/internasional/2022/11/30/china-usir-kapal-angkatan-laut-as-disebut-berlayar-secara-ilegal-melalui-selat-taiwan', 'title': 'China Usir Kapal Angkatan Laut AS, Disebut Berlayar Secara Ilegal Melalui Selat Taiwan - Tribunnews.com'}]",106.7963262714678,,2022-11-30,0_87317_26_10160602379519962,0,,,,,,,0.0,0.0,FACEBOOK_PUBLIC,,[],,,2022-12-01,https://www.facebook.com/357595679961/posts/10160602379519962/,,,,9334343.0,,unknown,357595679961,,,,Tribunnews.com,tribunnews,[],,17.49,from 2022-11-23 to 2022-11-30
"['sentiment_general', 'topics_general', 'language_general', 'image_analysis', 'emotion_analysis', 'entities']",,,,[],"Pick a reason.  China has poor human rights records.  They abuse minority groups, basically putting them in prison.  They are trying to take over the South China sea, harassing other countries like the Philippines.  They are threatening to attack Taiwan all the time and entering its security zones.  They are the main military threat to the United States right now.  They have programs that put third world countries into great debt so that the countries will be subservient to them.  They have tried to destroy the economy of Australia because its politicians have said things they don't like.  The workers at smart phone factories have been revolting recently.  The entire country has been revolting over zero covid policies.

China sucks.  Basically the only difference between it and Russia is it hasn't invaded Taiwan, yet.",,,,,,,www.reddit.com/r/Smartphones,sadness,0,,,[],iydb76p,[],,2946,,,,"['suggestions', 'new', 'phone']",en,,1.0,[],,,2022-11-30,0_87317_126_t1_iydb76p,0_87317_126_t3_z8to8c,,,,,,,-0.33953986799015723,,REDDIT,,[],Suggestions for a new phone?,"['Politics', 'International relations', 'China', 'Government', 'Asia', 'Human rights', 'Social issues', 'Issues in ethics', 'Justice', 'Taiwan']",2022-12-01,https://www.reddit.com/r/Smartphones/comments/z8to8c/suggestions_for_a_new_phone/iydb76p/,,,,,,unknown,,,,,Goodspike,Goodspike,[],,55.26,from 2022-11-23 to 2022-11-30
